--IMAGE TABLE--
INSERT INTO IMAGE (id,name,description,image_path) VALUES (1, 'default_image.png', 'image par défaut', 'src/main/resources/images/default_image.png');

--CATEGORY TABLE--
INSERT INTO CATEGORY (id,name,description,image_id,category_parent_id) VALUES (1, 'Fruit','un aliment végétal, à la saveur sucrée, généralement consommé cru', 1, null);
INSERT INTO CATEGORY (id,name,description,image_id,category_parent_id) VALUES (2, 'Legume','un aliment végétal, à la saveur sucrée, généralement consommé cru', 1, null);
INSERT INTO CATEGORY (id,name,description,image_id,category_parent_id) VALUES (3, 'Viande', 'aliment constitué des tissus musculaires de certains animaux, notamment les mammifères, les oiseaux, les reptiles, mais aussi certains poissons', 1, null);
INSERT INTO CATEGORY (id,name,description,image_id,category_parent_id) VALUES (4, 'Poisson', 'animaux vertébrés aquatiques à branchies, pourvus de nageoires', 1, null);
INSERT INTO CATEGORY (id,name,description,image_id,category_parent_id) VALUES (5, 'Epicerie', 'un commerce de détail de proximité de denrées alimentaires', 1, null);

--PRODUCT_TYPE TABLE--
INSERT INTO PRODUCT_TYPE (id,name,description,image_id,category_id) VALUES (1,'mangue','tellus justo sit amet nulla. Donec non justo.', 1, 1);
INSERT INTO PRODUCT_TYPE (id,name,description,image_id,category_id) VALUES (2,'ananas','et, euismod et, commodo at, libero. Morbi accumsan laoreet', 1,1);
INSERT INTO PRODUCT_TYPE (id,name,description,image_id,category_id) VALUES (3,'papaya','imperdiet ullamcorper. Duis', 1,1);
INSERT INTO PRODUCT_TYPE (id,name,description,image_id,category_id) VALUES (4,'poulet','nibh dolor, nonummy ac, feugiat non, lobortis', 1,3);
INSERT INTO PRODUCT_TYPE (id,name,description,image_id,category_id) VALUES (5,'myrtille','mi lacinia mattis. Integer eu lacus. Quisque imperdiet, erat nonummy', 1,1);
INSERT INTO PRODUCT_TYPE (id,name,description,image_id,category_id) VALUES (6,'riz','vel est tempor bibendum. Donec', 1,5);
INSERT INTO PRODUCT_TYPE (id,name,description,image_id,category_id) VALUES (7,'pomme de terre','Duis sit amet diam eu dolor egestas rhoncus. Proin nisl', 1,2);
INSERT INTO PRODUCT_TYPE (id,name,description,image_id,category_id) VALUES (8,'carrote','erat nonummy ultricies', 1,2);
INSERT INTO PRODUCT_TYPE (id,name,description,image_id,category_id) VALUES (9,'veau','neque sed dictum eleifend, nunc risus varius', 1,3);
INSERT INTO PRODUCT_TYPE (id,name,description,image_id,category_id) VALUES (10,'pâtes','Vestibulum ante ipsum primis', 1,5);
INSERT INTO PRODUCT_TYPE (id,name,description,image_id,category_id) VALUES (11,'calamar','malesuada augue', 1,4);
INSERT INTO PRODUCT_TYPE (id,name,description,image_id,category_id) VALUES (12,'brocoli','quam, elementum at, egestas', 1,2);

--JHI_USER TABLE--
INSERT INTO JHI_USER (ID,LOGIN,PASSWORD_HASH,FIRST_NAME,LAST_NAME,EMAIL,ACTIVATED,LANG_KEY,ACTIVATION_KEY,RESET_KEY,CREATED_BY,CREATED_DATE,RESET_DATE,LAST_MODIFIED_BY,LAST_MODIFIED_DATE) VALUES (7,'UGR72EJO4BR','PAL51JFF5RW','Noble','libero','vitae.mauris@metus.ca','TRUE','fr', null, null,'system','2018-11-15 14:44:10.842','2018-11-15 14:44:10.842',' null','2018-11-15 14:44:10.842');
INSERT INTO JHI_USER (ID,LOGIN,PASSWORD_HASH,FIRST_NAME,LAST_NAME,EMAIL,ACTIVATED,LANG_KEY,ACTIVATION_KEY,RESET_KEY,CREATED_BY,CREATED_DATE,RESET_DATE,LAST_MODIFIED_BY,LAST_MODIFIED_DATE) VALUES (8,'JST68WLQ7UH','HWO25OEP1NI','Thaddeus','penatibus et magnis dis parturient','vitae@interdumSedauctor.com','TRUE','fr', null, null,'system','2018-11-15 14:44:10.842','2018-11-15 14:44:10.842',' null','2018-11-15 14:44:10.842');
INSERT INTO JHI_USER (ID,LOGIN,PASSWORD_HASH,FIRST_NAME,LAST_NAME,EMAIL,ACTIVATED,LANG_KEY,ACTIVATION_KEY,RESET_KEY,CREATED_BY,CREATED_DATE,RESET_DATE,LAST_MODIFIED_BY,LAST_MODIFIED_DATE) VALUES (9,'TER86TZQ8FE','HES53LDC7OD','Rhea','felis. Nulla tempor augue ac ipsum. Phasellus','a.magna@ametnulla.org','TRUE','fr', null, null,'system','2018-11-15 14:44:10.842','2018-11-15 14:44:10.842',' null','2018-11-15 14:44:10.842');
INSERT INTO JHI_USER (ID,LOGIN,PASSWORD_HASH,FIRST_NAME,LAST_NAME,EMAIL,ACTIVATED,LANG_KEY,ACTIVATION_KEY,RESET_KEY,CREATED_BY,CREATED_DATE,RESET_DATE,LAST_MODIFIED_BY,LAST_MODIFIED_DATE) VALUES (10,'QPP10GPI5YI','PIT70GNK9KP','Dakota','nisl','egestas.Sed@bibendum.co.uk','TRUE','fr', null, null,'system','2018-11-15 14:44:10.842','2018-11-15 14:44:10.842',' null','2018-11-15 14:44:10.842');
INSERT INTO JHI_USER (ID,LOGIN,PASSWORD_HASH,FIRST_NAME,LAST_NAME,EMAIL,ACTIVATED,LANG_KEY,ACTIVATION_KEY,RESET_KEY,CREATED_BY,CREATED_DATE,RESET_DATE,LAST_MODIFIED_BY,LAST_MODIFIED_DATE) VALUES (11,'HBE71LVM5GK','VPE75AMZ5ED','Tara','Ut semper','iaculis.aliquet@tellusAeneanegestas.ca','TRUE','fr', null, null,'system','2018-11-15 14:44:10.842','2018-11-15 14:44:10.842',' null','2018-11-15 14:44:10.842');
INSERT INTO JHI_USER (ID,LOGIN,PASSWORD_HASH,FIRST_NAME,LAST_NAME,EMAIL,ACTIVATED,LANG_KEY,ACTIVATION_KEY,RESET_KEY,CREATED_BY,CREATED_DATE,RESET_DATE,LAST_MODIFIED_BY,LAST_MODIFIED_DATE) VALUES (12,'CPN88LVC9DR','GYY80WGB8KV','Cameran','augue. Sed molestie. Sed id risus quis diam','eget@Crasinterdum.edu','TRUE','fr', null, null,'system','2018-11-15 14:44:10.842','2018-11-15 14:44:10.842',' null','2018-11-15 14:44:10.842');
INSERT INTO JHI_USER (ID,LOGIN,PASSWORD_HASH,FIRST_NAME,LAST_NAME,EMAIL,ACTIVATED,LANG_KEY,ACTIVATION_KEY,RESET_KEY,CREATED_BY,CREATED_DATE,RESET_DATE,LAST_MODIFIED_BY,LAST_MODIFIED_DATE) VALUES (13,'XRL46DKS6RM','ABI47OPY0GX','Risa','dictum mi, ac','interdum.Nunc.sollicitudin@risusInmi.ca','TRUE','fr', null, null,'system','2018-11-15 14:44:10.842','2018-11-15 14:44:10.842',' null','2018-11-15 14:44:10.842');
INSERT INTO JHI_USER (ID,LOGIN,PASSWORD_HASH,FIRST_NAME,LAST_NAME,EMAIL,ACTIVATED,LANG_KEY,ACTIVATION_KEY,RESET_KEY,CREATED_BY,CREATED_DATE,RESET_DATE,LAST_MODIFIED_BY,LAST_MODIFIED_DATE) VALUES (14,'ZQF43SCA9CJ','JDR05BDR4QH','Solomon','vel arcu. Curabitur ut','in.dolor@nullaDonecnon.edu','TRUE','fr', null, null,'system','2018-11-15 14:44:10.842','2018-11-15 14:44:10.842',' null','2018-11-15 14:44:10.842');
INSERT INTO JHI_USER (ID,LOGIN,PASSWORD_HASH,FIRST_NAME,LAST_NAME,EMAIL,ACTIVATED,LANG_KEY,ACTIVATION_KEY,RESET_KEY,CREATED_BY,CREATED_DATE,RESET_DATE,LAST_MODIFIED_BY,LAST_MODIFIED_DATE) VALUES (15,'HUX35VUM4UG','XCB36OKG8ZE','Cade','risus. In mi pede, nonummy ut, molestie in,','diam.luctus.lobortis@massa.co.uk','TRUE','fr', null, null,'system','2018-11-15 14:44:10.842','2018-11-15 14:44:10.842',' null','2018-11-15 14:44:10.842');
INSERT INTO JHI_USER (ID,LOGIN,PASSWORD_HASH,FIRST_NAME,LAST_NAME,EMAIL,ACTIVATED,LANG_KEY,ACTIVATION_KEY,RESET_KEY,CREATED_BY,CREATED_DATE,RESET_DATE,LAST_MODIFIED_BY,LAST_MODIFIED_DATE) VALUES (16,'VAT60YTK7MQ','RWR23OHH0JJ','Chaim','mollis. Phasellus libero mauris,','Cras.sed@dictumauguemalesuada.com','TRUE','fr', null, null,'system','2018-11-15 14:44:10.842','2018-11-15 14:44:10.842',' null','2018-11-15 14:44:10.842');
INSERT INTO JHI_USER (ID,LOGIN,PASSWORD_HASH,FIRST_NAME,LAST_NAME,EMAIL,ACTIVATED,LANG_KEY,ACTIVATION_KEY,RESET_KEY,CREATED_BY,CREATED_DATE,RESET_DATE,LAST_MODIFIED_BY,LAST_MODIFIED_DATE) VALUES (17,'ENW39YLI6CR','SOP19WBZ1JA','Noel','convallis ligula. Donec luctus aliquet','facilisis.lorem.tristique@disparturientmontes.org','TRUE','fr', null, null,'system','2018-11-15 14:44:10.842','2018-11-15 14:44:10.842',' null','2018-11-15 14:44:10.842');
INSERT INTO JHI_USER (ID,LOGIN,PASSWORD_HASH,FIRST_NAME,LAST_NAME,EMAIL,ACTIVATED,LANG_KEY,ACTIVATION_KEY,RESET_KEY,CREATED_BY,CREATED_DATE,RESET_DATE,LAST_MODIFIED_BY,LAST_MODIFIED_DATE) VALUES (18,'TAB17TWF1GE','XXX67ZDB6BW','Quinn','justo','massa.non.ante@diamPellentesque.net','TRUE','fr', null, null,'system','2018-11-15 14:44:10.842','2018-11-15 14:44:10.842',' null','2018-11-15 14:44:10.842');
INSERT INTO JHI_USER (ID,LOGIN,PASSWORD_HASH,FIRST_NAME,LAST_NAME,EMAIL,ACTIVATED,LANG_KEY,ACTIVATION_KEY,RESET_KEY,CREATED_BY,CREATED_DATE,RESET_DATE,LAST_MODIFIED_BY,LAST_MODIFIED_DATE) VALUES (19,'WBE80QBI3PF','WMM49VKU7BB','Mariko','tellus lorem eu metus.','ultrices.mauris@tellusPhasellus.edu','TRUE','fr', null, null,'system','2018-11-15 14:44:10.842','2018-11-15 14:44:10.842',' null','2018-11-15 14:44:10.842');
INSERT INTO JHI_USER (ID,LOGIN,PASSWORD_HASH,FIRST_NAME,LAST_NAME,EMAIL,ACTIVATED,LANG_KEY,ACTIVATION_KEY,RESET_KEY,CREATED_BY,CREATED_DATE,RESET_DATE,LAST_MODIFIED_BY,LAST_MODIFIED_DATE) VALUES (20,'OYE37UDN7WE','FLR08QBB0XP','Reagan','odio. Aliquam vulputate ullamcorper','diam.Sed.diam@pellentesquemassalobortis.net','TRUE','fr', null, null,'system','2018-11-15 14:44:10.842','2018-11-15 14:44:10.842',' null','2018-11-15 14:44:10.842');
INSERT INTO JHI_USER (ID,LOGIN,PASSWORD_HASH,FIRST_NAME,LAST_NAME,EMAIL,ACTIVATED,LANG_KEY,ACTIVATION_KEY,RESET_KEY,CREATED_BY,CREATED_DATE,RESET_DATE,LAST_MODIFIED_BY,LAST_MODIFIED_DATE) VALUES (21,'CMX58YST8ZI','PVA09INH2LT','Bertha','quam, elementum','sit.amet@semegestas.org','TRUE','fr', null, null,'system','2018-11-15 14:44:10.842','2018-11-15 14:44:10.842',' null','2018-11-15 14:44:10.842');
INSERT INTO JHI_USER (ID,LOGIN,PASSWORD_HASH,FIRST_NAME,LAST_NAME,EMAIL,ACTIVATED,LANG_KEY,ACTIVATION_KEY,RESET_KEY,CREATED_BY,CREATED_DATE,RESET_DATE,LAST_MODIFIED_BY,LAST_MODIFIED_DATE) VALUES (22,'ZOT54TAE8QW','UIQ84DAC3OX','Carlos','sed,','In.nec@dignissimlacus.com','TRUE','fr', null, null,'system','2018-11-15 14:44:10.842','2018-11-15 14:44:10.842',' null','2018-11-15 14:44:10.842');
INSERT INTO JHI_USER (ID,LOGIN,PASSWORD_HASH,FIRST_NAME,LAST_NAME,EMAIL,ACTIVATED,LANG_KEY,ACTIVATION_KEY,RESET_KEY,CREATED_BY,CREATED_DATE,RESET_DATE,LAST_MODIFIED_BY,LAST_MODIFIED_DATE) VALUES (23,'KVP07ULT2EN','FQZ45JKC0FG','Kristen','ipsum non arcu. Vivamus sit amet','Integer@sapienNuncpulvinar.ca','TRUE','fr', null, null,'system','2018-11-15 14:44:10.842','2018-11-15 14:44:10.842',' null','2018-11-15 14:44:10.842');
INSERT INTO JHI_USER (ID,LOGIN,PASSWORD_HASH,FIRST_NAME,LAST_NAME,EMAIL,ACTIVATED,LANG_KEY,ACTIVATION_KEY,RESET_KEY,CREATED_BY,CREATED_DATE,RESET_DATE,LAST_MODIFIED_BY,LAST_MODIFIED_DATE) VALUES (24,'TZF25LRP5EH','FQF89KZK6GC','Nathaniel','Morbi non sapien molestie orci tincidunt','sodales.at@Fuscediamnunc.co.uk','TRUE','fr', null, null,'system','2018-11-15 14:44:10.842','2018-11-15 14:44:10.842',' null','2018-11-15 14:44:10.842');
INSERT INTO JHI_USER (ID,LOGIN,PASSWORD_HASH,FIRST_NAME,LAST_NAME,EMAIL,ACTIVATED,LANG_KEY,ACTIVATION_KEY,RESET_KEY,CREATED_BY,CREATED_DATE,RESET_DATE,LAST_MODIFIED_BY,LAST_MODIFIED_DATE) VALUES (25,'DVW15TQB8NF','JTC41HBX2UR','Flavia','velit egestas lacinia. Sed congue,','tortor@etmagnis.co.uk','TRUE','fr', null, null,'system','2018-11-15 14:44:10.842','2018-11-15 14:44:10.842',' null','2018-11-15 14:44:10.842');
INSERT INTO JHI_USER (ID,LOGIN,PASSWORD_HASH,FIRST_NAME,LAST_NAME,EMAIL,ACTIVATED,LANG_KEY,ACTIVATION_KEY,RESET_KEY,CREATED_BY,CREATED_DATE,RESET_DATE,LAST_MODIFIED_BY,LAST_MODIFIED_DATE) VALUES (26,'HDO84QNF5FE','PKZ31ZCC2HB','Castor','a,','ultricies.dignissim@montes.co.uk','TRUE','fr', null, null,'system','2018-11-15 14:44:10.842','2018-11-15 14:44:10.842',' null','2018-11-15 14:44:10.842');
INSERT INTO JHI_USER (ID,LOGIN,PASSWORD_HASH,FIRST_NAME,LAST_NAME,EMAIL,ACTIVATED,LANG_KEY,ACTIVATION_KEY,RESET_KEY,CREATED_BY,CREATED_DATE,RESET_DATE,LAST_MODIFIED_BY,LAST_MODIFIED_DATE) VALUES (27,'UVG39ZVB6FD','PMM47BAV2LE','Maryam','odio.','ultrices.Vivamus@diamluctuslobortis.net','TRUE','fr', null, null,'system','2018-11-15 14:44:10.842','2018-11-15 14:44:10.842',' null','2018-11-15 14:44:10.842');
INSERT INTO JHI_USER (ID,LOGIN,PASSWORD_HASH,FIRST_NAME,LAST_NAME,EMAIL,ACTIVATED,LANG_KEY,ACTIVATION_KEY,RESET_KEY,CREATED_BY,CREATED_DATE,RESET_DATE,LAST_MODIFIED_BY,LAST_MODIFIED_DATE) VALUES (28,'OZJ96HFD6TC','PTL25JAC4SC','Nola','dictum. Proin eget odio.','Ut@egestasligulaNullam.org','TRUE','fr', null, null,'system','2018-11-15 14:44:10.842','2018-11-15 14:44:10.842',' null','2018-11-15 14:44:10.842');
INSERT INTO JHI_USER (ID,LOGIN,PASSWORD_HASH,FIRST_NAME,LAST_NAME,EMAIL,ACTIVATED,LANG_KEY,ACTIVATION_KEY,RESET_KEY,CREATED_BY,CREATED_DATE,RESET_DATE,LAST_MODIFIED_BY,LAST_MODIFIED_DATE) VALUES (29,'VHP31OUI4NC','FNB52JYY9XF','Ryder','malesuada fames ac turpis egestas. Fusce','lectus@nascetur.org','TRUE','fr', null, null,'system','2018-11-15 14:44:10.842','2018-11-15 14:44:10.842',' null','2018-11-15 14:44:10.842');
INSERT INTO JHI_USER (ID,LOGIN,PASSWORD_HASH,FIRST_NAME,LAST_NAME,EMAIL,ACTIVATED,LANG_KEY,ACTIVATION_KEY,RESET_KEY,CREATED_BY,CREATED_DATE,RESET_DATE,LAST_MODIFIED_BY,LAST_MODIFIED_DATE) VALUES (30,'OIP66YVN1EW','MGE75TXB1WM','Tyler','cursus a,','ac.libero@SeddictumProin.ca','TRUE','fr', null, null,'system','2018-11-15 14:44:10.842','2018-11-15 14:44:10.842',' null','2018-11-15 14:44:10.842');
INSERT INTO JHI_USER (ID,LOGIN,PASSWORD_HASH,FIRST_NAME,LAST_NAME,EMAIL,ACTIVATED,LANG_KEY,ACTIVATION_KEY,RESET_KEY,CREATED_BY,CREATED_DATE,RESET_DATE,LAST_MODIFIED_BY,LAST_MODIFIED_DATE) VALUES (31,'PYK21VJY7UX','SEE50TOO8ZX','Hayden','est. Nunc laoreet lectus quis massa. Mauris','nec@Duisdignissim.com','TRUE','fr', null, null,'system','2018-11-15 14:44:10.842','2018-11-15 14:44:10.842',' null','2018-11-15 14:44:10.842');
INSERT INTO JHI_USER (ID,LOGIN,PASSWORD_HASH,FIRST_NAME,LAST_NAME,EMAIL,ACTIVATED,LANG_KEY,ACTIVATION_KEY,RESET_KEY,CREATED_BY,CREATED_DATE,RESET_DATE,LAST_MODIFIED_BY,LAST_MODIFIED_DATE) VALUES (32,'ZDN14JJS1KV','FWS04CUR5BX','Jacob','leo. Cras','commodo.auctor@iaculis.org','TRUE','fr', null, null,'system','2018-11-15 14:44:10.842','2018-11-15 14:44:10.842',' null','2018-11-15 14:44:10.842');
INSERT INTO JHI_USER (ID,LOGIN,PASSWORD_HASH,FIRST_NAME,LAST_NAME,EMAIL,ACTIVATED,LANG_KEY,ACTIVATION_KEY,RESET_KEY,CREATED_BY,CREATED_DATE,RESET_DATE,LAST_MODIFIED_BY,LAST_MODIFIED_DATE) VALUES (33,'KNT97NTC5RJ','LBP97RSB5FE','Cameron','ut odio vel est','libero.Integer.in@aliquet.co.uk','TRUE','fr', null, null,'system','2018-11-15 14:44:10.842','2018-11-15 14:44:10.842',' null','2018-11-15 14:44:10.842');
INSERT INTO JHI_USER (ID,LOGIN,PASSWORD_HASH,FIRST_NAME,LAST_NAME,EMAIL,ACTIVATED,LANG_KEY,ACTIVATION_KEY,RESET_KEY,CREATED_BY,CREATED_DATE,RESET_DATE,LAST_MODIFIED_BY,LAST_MODIFIED_DATE) VALUES (34,'UDH54PKZ1XY','AWM41XVK5NV','Abbot','taciti sociosqu ad litora torquent per conubia','orci.tincidunt.adipiscing@Duisac.ca','TRUE','fr', null, null,'system','2018-11-15 14:44:10.842','2018-11-15 14:44:10.842',' null','2018-11-15 14:44:10.842');
INSERT INTO JHI_USER (ID,LOGIN,PASSWORD_HASH,FIRST_NAME,LAST_NAME,EMAIL,ACTIVATED,LANG_KEY,ACTIVATION_KEY,RESET_KEY,CREATED_BY,CREATED_DATE,RESET_DATE,LAST_MODIFIED_BY,LAST_MODIFIED_DATE) VALUES (35,'FXG56KTK5ZC','ZYP08XKW1XD','Grace','semper tellus id nunc interdum','posuere@parturientmontesnascetur.co.uk','TRUE','fr', null, null,'system','2018-11-15 14:44:10.842','2018-11-15 14:44:10.842',' null','2018-11-15 14:44:10.842');
INSERT INTO JHI_USER (ID,LOGIN,PASSWORD_HASH,FIRST_NAME,LAST_NAME,EMAIL,ACTIVATED,LANG_KEY,ACTIVATION_KEY,RESET_KEY,CREATED_BY,CREATED_DATE,RESET_DATE,LAST_MODIFIED_BY,LAST_MODIFIED_DATE) VALUES (36,'XMC84RZV7EK','MXW35KPT7JC','Geoffrey','primis in faucibus','Aliquam.nec.enim@dapibus.com','TRUE','fr', null, null,'system','2018-11-15 14:44:10.842','2018-11-15 14:44:10.842',' null','2018-11-15 14:44:10.842');
INSERT INTO JHI_USER (ID,LOGIN,PASSWORD_HASH,FIRST_NAME,LAST_NAME,EMAIL,ACTIVATED,LANG_KEY,ACTIVATION_KEY,RESET_KEY,CREATED_BY,CREATED_DATE,RESET_DATE,LAST_MODIFIED_BY,LAST_MODIFIED_DATE) VALUES (37,'ILG91KLB2ZP','TUP23BHU4LL','Angelica','Duis volutpat nunc sit amet metus. Aliquam','Ut.tincidunt.orci@ornarefacilisis.co.uk','TRUE','fr', null, null,'system','2018-11-15 14:44:10.842','2018-11-15 14:44:10.842',' null','2018-11-15 14:44:10.842');
INSERT INTO JHI_USER (ID,LOGIN,PASSWORD_HASH,FIRST_NAME,LAST_NAME,EMAIL,ACTIVATED,LANG_KEY,ACTIVATION_KEY,RESET_KEY,CREATED_BY,CREATED_DATE,RESET_DATE,LAST_MODIFIED_BY,LAST_MODIFIED_DATE) VALUES (38,'WRA62IFT6ZB','IDH80BZW9VP','Clarke','nec','dui@semper.edu','TRUE','fr', null, null,'system','2018-11-15 14:44:10.842','2018-11-15 14:44:10.842',' null','2018-11-15 14:44:10.842');
INSERT INTO JHI_USER (ID,LOGIN,PASSWORD_HASH,FIRST_NAME,LAST_NAME,EMAIL,ACTIVATED,LANG_KEY,ACTIVATION_KEY,RESET_KEY,CREATED_BY,CREATED_DATE,RESET_DATE,LAST_MODIFIED_BY,LAST_MODIFIED_DATE) VALUES (39,'RZG34ROP6XK','FRV37LLO7FH','Leroy','semper pretium neque. Morbi quis','sapien.Aenean.massa@diamluctus.com','TRUE','fr', null, null,'system','2018-11-15 14:44:10.842','2018-11-15 14:44:10.842',' null','2018-11-15 14:44:10.842');
INSERT INTO JHI_USER (ID,LOGIN,PASSWORD_HASH,FIRST_NAME,LAST_NAME,EMAIL,ACTIVATED,LANG_KEY,ACTIVATION_KEY,RESET_KEY,CREATED_BY,CREATED_DATE,RESET_DATE,LAST_MODIFIED_BY,LAST_MODIFIED_DATE) VALUES (40,'KCU12MWB0ZP','HFI34VDN3ZQ','Zachary','sed consequat','montes@dictumplacerataugue.net','TRUE','fr', null, null,'system','2018-11-15 14:44:10.842','2018-11-15 14:44:10.842',' null','2018-11-15 14:44:10.842');
INSERT INTO JHI_USER (ID,LOGIN,PASSWORD_HASH,FIRST_NAME,LAST_NAME,EMAIL,ACTIVATED,LANG_KEY,ACTIVATION_KEY,RESET_KEY,CREATED_BY,CREATED_DATE,RESET_DATE,LAST_MODIFIED_BY,LAST_MODIFIED_DATE) VALUES (41,'ZVI50TZL4VJ','YNN60WNO3CX','Riley','sem elit, pharetra ut, pharetra','orci.Phasellus@velitegetlaoreet.net','TRUE','fr', null, null,'system','2018-11-15 14:44:10.842','2018-11-15 14:44:10.842',' null','2018-11-15 14:44:10.842');

--GRADE TABLE--
INSERT INTO GRADE (id,grade,nb_voter,seller_id,product_type_id) VALUES (1,0,36,26,9);
INSERT INTO GRADE (id,grade,nb_voter,seller_id,product_type_id) VALUES (2,0,849,11,5);
INSERT INTO GRADE (id,grade,nb_voter,seller_id,product_type_id) VALUES (3,1,612,32,3);
INSERT INTO GRADE (id,grade,nb_voter,seller_id,product_type_id) VALUES (4,5,240,32,7);
INSERT INTO GRADE (id,grade,nb_voter,seller_id,product_type_id) VALUES (5,3,928,9,12);
INSERT INTO GRADE (id,grade,nb_voter,seller_id,product_type_id) VALUES (6,4,248,25,2);
INSERT INTO GRADE (id,grade,nb_voter,seller_id,product_type_id) VALUES (7,0,206,40,11);
INSERT INTO GRADE (id,grade,nb_voter,seller_id,product_type_id) VALUES (8,5,716,16,5);
INSERT INTO GRADE (id,grade,nb_voter,seller_id,product_type_id) VALUES (9,5,87,21,8);
INSERT INTO GRADE (id,grade,nb_voter,seller_id,product_type_id) VALUES (10,0,512,23,7);
INSERT INTO GRADE (id,grade,nb_voter,seller_id,product_type_id) VALUES (11,3,528,12,5);
INSERT INTO GRADE (id,grade,nb_voter,seller_id,product_type_id) VALUES (12,4,831,10,2);
INSERT INTO GRADE (id,grade,nb_voter,seller_id,product_type_id) VALUES (13,1,908,27,6);
INSERT INTO GRADE (id,grade,nb_voter,seller_id,product_type_id) VALUES (14,5,325,23,8);
INSERT INTO GRADE (id,grade,nb_voter,seller_id,product_type_id) VALUES (15,1,990,19,3);
INSERT INTO GRADE (id,grade,nb_voter,seller_id,product_type_id) VALUES (16,1,100,8,2);
INSERT INTO GRADE (id,grade,nb_voter,seller_id,product_type_id) VALUES (17,4,799,22,5);
INSERT INTO GRADE (id,grade,nb_voter,seller_id,product_type_id) VALUES (18,2,528,16,10);
INSERT INTO GRADE (id,grade,nb_voter,seller_id,product_type_id) VALUES (19,1,622,9,6);
INSERT INTO GRADE (id,grade,nb_voter,seller_id,product_type_id) VALUES (20,4,687,18,4);
INSERT INTO GRADE (id,grade,nb_voter,seller_id,product_type_id) VALUES (21,4,377,14,2);
INSERT INTO GRADE (id,grade,nb_voter,seller_id,product_type_id) VALUES (22,4,782,24,6);
INSERT INTO GRADE (id,grade,nb_voter,seller_id,product_type_id) VALUES (23,1,415,22,6);
INSERT INTO GRADE (id,grade,nb_voter,seller_id,product_type_id) VALUES (24,1,554,11,1);
INSERT INTO GRADE (id,grade,nb_voter,seller_id,product_type_id) VALUES (25,0,498,34,11);
INSERT INTO GRADE (id,grade,nb_voter,seller_id,product_type_id) VALUES (26,5,529,10,9);
INSERT INTO GRADE (id,grade,nb_voter,seller_id,product_type_id) VALUES (27,0,299,39,10);
INSERT INTO GRADE (id,grade,nb_voter,seller_id,product_type_id) VALUES (28,0,479,37,4);
INSERT INTO GRADE (id,grade,nb_voter,seller_id,product_type_id) VALUES (29,3,802,39,4);
INSERT INTO GRADE (id,grade,nb_voter,seller_id,product_type_id) VALUES (30,3,53,12,9);
INSERT INTO GRADE (id,grade,nb_voter,seller_id,product_type_id) VALUES (31,2,235,39,11);
INSERT INTO GRADE (id,grade,nb_voter,seller_id,product_type_id) VALUES (32,5,407,35,3);
INSERT INTO GRADE (id,grade,nb_voter,seller_id,product_type_id) VALUES (33,4,520,38,12);
INSERT INTO GRADE (id,grade,nb_voter,seller_id,product_type_id) VALUES (34,1,575,21,11);
INSERT INTO GRADE (id,grade,nb_voter,seller_id,product_type_id) VALUES (35,3,572,13,1);
INSERT INTO GRADE (id,grade,nb_voter,seller_id,product_type_id) VALUES (36,2,250,40,2);
INSERT INTO GRADE (id,grade,nb_voter,seller_id,product_type_id) VALUES (37,0,62,10,3);
INSERT INTO GRADE (id,grade,nb_voter,seller_id,product_type_id) VALUES (38,5,740,19,1);
INSERT INTO GRADE (id,grade,nb_voter,seller_id,product_type_id) VALUES (39,2,448,13,2);
INSERT INTO GRADE (id,grade,nb_voter,seller_id,product_type_id) VALUES (40,1,836,17,10);
INSERT INTO GRADE (id,grade,nb_voter,seller_id,product_type_id) VALUES (41,0,294,40,8);
INSERT INTO GRADE (id,grade,nb_voter,seller_id,product_type_id) VALUES (42,4,264,21,2);
INSERT INTO GRADE (id,grade,nb_voter,seller_id,product_type_id) VALUES (43,2,859,15,7);
INSERT INTO GRADE (id,grade,nb_voter,seller_id,product_type_id) VALUES (44,2,607,15,8);
INSERT INTO GRADE (id,grade,nb_voter,seller_id,product_type_id) VALUES (45,3,74,14,1);
INSERT INTO GRADE (id,grade,nb_voter,seller_id,product_type_id) VALUES (46,0,807,41,4);
INSERT INTO GRADE (id,grade,nb_voter,seller_id,product_type_id) VALUES (47,2,311,17,6);
INSERT INTO GRADE (id,grade,nb_voter,seller_id,product_type_id) VALUES (48,0,273,29,11);
INSERT INTO GRADE (id,grade,nb_voter,seller_id,product_type_id) VALUES (49,2,156,31,1);
INSERT INTO GRADE (id,grade,nb_voter,seller_id,product_type_id) VALUES (50,2,422,11,5);
INSERT INTO GRADE (id,grade,nb_voter,seller_id,product_type_id) VALUES (51,1,738,10,9);
INSERT INTO GRADE (id,grade,nb_voter,seller_id,product_type_id) VALUES (52,0,631,31,4);
INSERT INTO GRADE (id,grade,nb_voter,seller_id,product_type_id) VALUES (53,2,818,34,5);
INSERT INTO GRADE (id,grade,nb_voter,seller_id,product_type_id) VALUES (54,1,608,23,6);
INSERT INTO GRADE (id,grade,nb_voter,seller_id,product_type_id) VALUES (55,4,431,31,3);
INSERT INTO GRADE (id,grade,nb_voter,seller_id,product_type_id) VALUES (56,2,552,20,10);
INSERT INTO GRADE (id,grade,nb_voter,seller_id,product_type_id) VALUES (57,4,243,19,3);
INSERT INTO GRADE (id,grade,nb_voter,seller_id,product_type_id) VALUES (58,5,126,40,6);
INSERT INTO GRADE (id,grade,nb_voter,seller_id,product_type_id) VALUES (59,4,813,28,2);
INSERT INTO GRADE (id,grade,nb_voter,seller_id,product_type_id) VALUES (60,0,887,15,5);
INSERT INTO GRADE (id,grade,nb_voter,seller_id,product_type_id) VALUES (61,4,922,41,10);
INSERT INTO GRADE (id,grade,nb_voter,seller_id,product_type_id) VALUES (62,1,917,41,5);
INSERT INTO GRADE (id,grade,nb_voter,seller_id,product_type_id) VALUES (63,0,364,23,1);
INSERT INTO GRADE (id,grade,nb_voter,seller_id,product_type_id) VALUES (64,1,686,29,5);
INSERT INTO GRADE (id,grade,nb_voter,seller_id,product_type_id) VALUES (65,1,712,15,2);
INSERT INTO GRADE (id,grade,nb_voter,seller_id,product_type_id) VALUES (66,5,387,22,9);
INSERT INTO GRADE (id,grade,nb_voter,seller_id,product_type_id) VALUES (67,5,35,16,10);
INSERT INTO GRADE (id,grade,nb_voter,seller_id,product_type_id) VALUES (68,4,656,33,8);
INSERT INTO GRADE (id,grade,nb_voter,seller_id,product_type_id) VALUES (69,1,542,25,1);
INSERT INTO GRADE (id,grade,nb_voter,seller_id,product_type_id) VALUES (70,4,157,9,1);
INSERT INTO GRADE (id,grade,nb_voter,seller_id,product_type_id) VALUES (71,1,216,28,7);
INSERT INTO GRADE (id,grade,nb_voter,seller_id,product_type_id) VALUES (72,5,676,25,4);
INSERT INTO GRADE (id,grade,nb_voter,seller_id,product_type_id) VALUES (73,1,511,26,4);
INSERT INTO GRADE (id,grade,nb_voter,seller_id,product_type_id) VALUES (74,5,934,22,7);
INSERT INTO GRADE (id,grade,nb_voter,seller_id,product_type_id) VALUES (75,2,714,39,10);
INSERT INTO GRADE (id,grade,nb_voter,seller_id,product_type_id) VALUES (76,2,445,10,10);
INSERT INTO GRADE (id,grade,nb_voter,seller_id,product_type_id) VALUES (77,2,141,22,9);
INSERT INTO GRADE (id,grade,nb_voter,seller_id,product_type_id) VALUES (78,5,526,38,7);
INSERT INTO GRADE (id,grade,nb_voter,seller_id,product_type_id) VALUES (79,0,47,37,8);
INSERT INTO GRADE (id,grade,nb_voter,seller_id,product_type_id) VALUES (80,3,904,15,4);
INSERT INTO GRADE (id,grade,nb_voter,seller_id,product_type_id) VALUES (81,0,41,15,2);
INSERT INTO GRADE (id,grade,nb_voter,seller_id,product_type_id) VALUES (82,4,312,35,10);
INSERT INTO GRADE (id,grade,nb_voter,seller_id,product_type_id) VALUES (83,1,769,7,2);
INSERT INTO GRADE (id,grade,nb_voter,seller_id,product_type_id) VALUES (84,0,972,29,6);
INSERT INTO GRADE (id,grade,nb_voter,seller_id,product_type_id) VALUES (85,2,729,29,6);
INSERT INTO GRADE (id,grade,nb_voter,seller_id,product_type_id) VALUES (86,4,591,32,7);
INSERT INTO GRADE (id,grade,nb_voter,seller_id,product_type_id) VALUES (87,5,754,15,4);
INSERT INTO GRADE (id,grade,nb_voter,seller_id,product_type_id) VALUES (88,4,476,23,8);
INSERT INTO GRADE (id,grade,nb_voter,seller_id,product_type_id) VALUES (89,1,907,33,6);
INSERT INTO GRADE (id,grade,nb_voter,seller_id,product_type_id) VALUES (90,1,238,16,3);
INSERT INTO GRADE (id,grade,nb_voter,seller_id,product_type_id) VALUES (91,0,378,28,1);
INSERT INTO GRADE (id,grade,nb_voter,seller_id,product_type_id) VALUES (92,5,502,35,2);
INSERT INTO GRADE (id,grade,nb_voter,seller_id,product_type_id) VALUES (93,3,463,29,9);
INSERT INTO GRADE (id,grade,nb_voter,seller_id,product_type_id) VALUES (94,2,99,19,11);
INSERT INTO GRADE (id,grade,nb_voter,seller_id,product_type_id) VALUES (95,1,277,18,4);
INSERT INTO GRADE (id,grade,nb_voter,seller_id,product_type_id) VALUES (96,4,568,21,6);
INSERT INTO GRADE (id,grade,nb_voter,seller_id,product_type_id) VALUES (97,3,176,7,10);
INSERT INTO GRADE (id,grade,nb_voter,seller_id,product_type_id) VALUES (98,4,928,20,9);
INSERT INTO GRADE (id,grade,nb_voter,seller_id,product_type_id) VALUES (99,1,546,36,5);
INSERT INTO GRADE (id,grade,nb_voter,seller_id,product_type_id) VALUES (100,4,414,14,4);

--LOCATION TABLE--
INSERT INTO LOCATION (id,city,country,zip,address,lon,lat,user_id) VALUES (1,'Montebello','Seychelles','8379','P.O. Box 626, 4986 Convallis Avenue','-66.88292','29.5606',22);
INSERT INTO LOCATION (id,city,country,zip,address,lon,lat,user_id) VALUES (2,'Moorsele','United States','740407','Ap #282-3869 Ornare. Road','149.78046','32.22434',33);
INSERT INTO LOCATION (id,city,country,zip,address,lon,lat,user_id) VALUES (3,'Hindeloopen','Sweden','45565-886','Ap #433-9590 Ullamcorper, St.','-59.49224','60.68047',21);
INSERT INTO LOCATION (id,city,country,zip,address,lon,lat,user_id) VALUES (4,'Chandrapur','Croatia','493568','P.O. Box 694, 7707 Accumsan Road','79.62294','-9.01214',15);
INSERT INTO LOCATION (id,city,country,zip,address,lon,lat,user_id) VALUES (5,'Camiña','Algeria','01466','Ap #281-5818 Purus St.','46.50841','-17.63177',39);
INSERT INTO LOCATION (id,city,country,zip,address,lon,lat,user_id) VALUES (6,'Traiskirchen','Norfolk Island','800459','Ap #214-1894 Id, Road','6.41102','-77.02139',36);
INSERT INTO LOCATION (id,city,country,zip,address,lon,lat,user_id) VALUES (7,'Vespolate','Norway','87173','329 Justo Avenue','92.44553','9.63696',20);
INSERT INTO LOCATION (id,city,country,zip,address,lon,lat,user_id) VALUES (8,'Catanzaro','Namibia','11104','P.O. Box 309, 2705 Pulvinar Road','112.70701','-46.69864',18);
INSERT INTO LOCATION (id,city,country,zip,address,lon,lat,user_id) VALUES (9,'Cowdenbeath','Puerto Rico','8497 EF','9227 Enim Rd.','171.59357','6.22941',21);
INSERT INTO LOCATION (id,city,country,zip,address,lon,lat,user_id) VALUES (10,'Narcao','Anguilla','4758','Ap #580-6240 Fringilla. St.','74.13311','70.87551',16);
INSERT INTO LOCATION (id,city,country,zip,address,lon,lat,user_id) VALUES (11,'Hindeloopen','Viet Nam','69867-544','Ap #743-7304 Sed St.','29.57632','14.68857',17);
INSERT INTO LOCATION (id,city,country,zip,address,lon,lat,user_id) VALUES (12,'Shimla','Croatia','10617','2774 Eu Ave','-49.23681','46.76744',19);
INSERT INTO LOCATION (id,city,country,zip,address,lon,lat,user_id) VALUES (13,'Rhemes-Notre-Dame','Panama','19164-494','Ap #92018-825 Faucibus St.','-55.08963','-84.42674',24);
INSERT INTO LOCATION (id,city,country,zip,address,lon,lat,user_id) VALUES (14,'Folkestone','Serbia','024817','7425 Et, St.','-168.5462','31.41882',21);
INSERT INTO LOCATION (id,city,country,zip,address,lon,lat,user_id) VALUES (15,'Sterling Heights','El Salvador','49716','437 At Rd.','-84.54906','37.64259',26);
INSERT INTO LOCATION (id,city,country,zip,address,lon,lat,user_id) VALUES (16,'Charleville-Mézières','Uganda','1470','Ap #958-476 Consequat Rd.','71.05359','-30.40316',15);
INSERT INTO LOCATION (id,city,country,zip,address,lon,lat,user_id) VALUES (17,'Louisville','Saint Vincent and The Grenadines','12811','487-1950 Tincidunt, St.','153.78035','-24.94079',29);
INSERT INTO LOCATION (id,city,country,zip,address,lon,lat,user_id) VALUES (18,'Pontypridd','Samoa','830601','P.O. Box 346, 1294 Montes, Av.','61.59794','66.0858',33);
INSERT INTO LOCATION (id,city,country,zip,address,lon,lat,user_id) VALUES (19,'West Jordan','Gambia','5826','421-673 Dapibus St.','-97.76654','-71.71388',14);
INSERT INTO LOCATION (id,city,country,zip,address,lon,lat,user_id) VALUES (20,'Divinópolis','Korea, South','97-369','929-5100 Elementum, St.','32.7974','-49.67637',7);
INSERT INTO LOCATION (id,city,country,zip,address,lon,lat,user_id) VALUES (21,'Hannut','Ireland','40614','9634 Lectus Avenue','107.81874','-52.03581',33);
INSERT INTO LOCATION (id,city,country,zip,address,lon,lat,user_id) VALUES (22,'Calco','Nepal','42524','3613 Ut Street','-109.49101','15.00011',31);
INSERT INTO LOCATION (id,city,country,zip,address,lon,lat,user_id) VALUES (23,'Wismar','Poland','2535 ZJ','P.O. Box 399, 8088 Aenean St.','-82.2747','-22.8654',33);
INSERT INTO LOCATION (id,city,country,zip,address,lon,lat,user_id) VALUES (24,'Ajmer','Anguilla','59519','170-8500 Tristique St.','104.90576','-50.08585',24);
INSERT INTO LOCATION (id,city,country,zip,address,lon,lat,user_id) VALUES (25,'Grantham','Viet Nam','11207','P.O. Box 976, 6641 Eu Rd.','-8.52503','-43.21677',37);
INSERT INTO LOCATION (id,city,country,zip,address,lon,lat,user_id) VALUES (26,'Bayeux','Qatar','796499','7274 Penatibus St.','-68.74156','-33.84476',33);
INSERT INTO LOCATION (id,city,country,zip,address,lon,lat,user_id) VALUES (27,'Rockville','Belize','Y9V 6P5','Ap #840-2523 Parturient Avenue','113.66996','-71.52455',14);
INSERT INTO LOCATION (id,city,country,zip,address,lon,lat,user_id) VALUES (28,'Trevignano Romano','Saint Martin','2553','7677 In, Avenue','-29.33004','-29.15387',17);
INSERT INTO LOCATION (id,city,country,zip,address,lon,lat,user_id) VALUES (29,'Fort Worth','India','737987','Ap #220-2694 Inceptos Street','-71.01076','-76.8195',20);
INSERT INTO LOCATION (id,city,country,zip,address,lon,lat,user_id) VALUES (30,'Huntingdon','Falkland Islands','08899','P.O. Box 679, 5290 Urna. Avenue','-8.85898','64.241',33);
INSERT INTO LOCATION (id,city,country,zip,address,lon,lat,user_id) VALUES (31,'Herfelingen','Niger','T6T 7H1','Ap #444-342 Libero Ave','108.25128','-60.50113',28);
INSERT INTO LOCATION (id,city,country,zip,address,lon,lat,user_id) VALUES (32,'Port Moody','Svalbard and Jan Mayen Islands','563420','P.O. Box 743, 4937 Imperdiet, St.','-159.09965','57.6573',8);
INSERT INTO LOCATION (id,city,country,zip,address,lon,lat,user_id) VALUES (33,'Serralunga d''Alba','Gabon','56913','366-5996 Velit. Avenue','27.87035','23.21713',7);
INSERT INTO LOCATION (id,city,country,zip,address,lon,lat,user_id) VALUES (34,'Sete Lagoas','Falkland Islands','18087-947','Ap #512-9016 Eleifend Ave','-145.50758','-40.30805',32);
INSERT INTO LOCATION (id,city,country,zip,address,lon,lat,user_id) VALUES (35,'Wanzele','Haiti','2929','Ap #555-3167 Amet, Ave','-155.71244','6.66621',19);
INSERT INTO LOCATION (id,city,country,zip,address,lon,lat,user_id) VALUES (36,'La Magdeleine','Tonga','86682-146','232-1213 Malesuada Street','130.8323','-43.03304',30);
INSERT INTO LOCATION (id,city,country,zip,address,lon,lat,user_id) VALUES (37,'Grezzana','Burkina Faso','80454','2785 Suspendisse Avenue','44.02122','-72.95218',14);
INSERT INTO LOCATION (id,city,country,zip,address,lon,lat,user_id) VALUES (38,'Bellante','Norfolk Island','60548','Ap #696-4122 Rutrum Road','143.39315','-11.16044',14);
INSERT INTO LOCATION (id,city,country,zip,address,lon,lat,user_id) VALUES (39,'Penrith','Albania','09-104','386-1752 Nonummy Street','-54.8718','4.00889',33);
INSERT INTO LOCATION (id,city,country,zip,address,lon,lat,user_id) VALUES (40,'Fort Resolution','Nepal','458667','710 Justo St.','92.42004','31.35622',10);
INSERT INTO LOCATION (id,city,country,zip,address,lon,lat,user_id) VALUES (41,'Saint-Denis-Bovesse','Trinidad and Tobago','993093','Ap #306-2026 Aliquet, Street','-56.39982','40.3985',28);
INSERT INTO LOCATION (id,city,country,zip,address,lon,lat,user_id) VALUES (42,'Castelbuono','Guam','30515','P.O. Box 818, 3715 Vel Ave','-153.13728','-66.25662',17);
INSERT INTO LOCATION (id,city,country,zip,address,lon,lat,user_id) VALUES (43,'Sacramento','Saint Pierre and Miquelon','380858','Ap #297-3841 Integer Street','-158.12088','63.49081',9);
INSERT INTO LOCATION (id,city,country,zip,address,lon,lat,user_id) VALUES (44,'Baulers','Malawi','466829','Ap #189-1794 Et Street','-37.22153','37.40452',40);
INSERT INTO LOCATION (id,city,country,zip,address,lon,lat,user_id) VALUES (45,'Renfrew','Monaco','89139','303-2353 Amet, Road','37.12952','-54.14735',41);
INSERT INTO LOCATION (id,city,country,zip,address,lon,lat,user_id) VALUES (46,'Yorkton','Mozambique','287216','P.O. Box 478, 9460 Ut St.','97.85016','45.4111',18);
INSERT INTO LOCATION (id,city,country,zip,address,lon,lat,user_id) VALUES (47,'Beuzet','Argentina','2964','8026 Phasellus St.','-38.34251','-55.37203',30);
INSERT INTO LOCATION (id,city,country,zip,address,lon,lat,user_id) VALUES (48,'Mount Pearl','Turkmenistan','9301','5638 Vel Rd.','73.13393','21.06573',37);
INSERT INTO LOCATION (id,city,country,zip,address,lon,lat,user_id) VALUES (49,'Mount Pearl','French Guiana','7060','Ap #625-9264 Semper Rd.','-116.73017','22.09747',15);
INSERT INTO LOCATION (id,city,country,zip,address,lon,lat,user_id) VALUES (50,'Tuscaloosa','Estonia','03340','978-9995 Sodales. St.','-93.1258','65.4957',37);
INSERT INTO LOCATION (id,city,country,zip,address,lon,lat,user_id) VALUES (51,'Boise','Honduras','994917','7157 Purus. Road','-75.39081','-13.56797',8);
INSERT INTO LOCATION (id,city,country,zip,address,lon,lat,user_id) VALUES (52,'St. Austell','Djibouti','972484','728-7680 Mauris Rd.','5.26149','-68.72477',38);
INSERT INTO LOCATION (id,city,country,zip,address,lon,lat,user_id) VALUES (53,'Stroud','Madagascar','805523','P.O. Box 920, 8337 Nulla. Av.','-125.71515','-31.00992',23);
INSERT INTO LOCATION (id,city,country,zip,address,lon,lat,user_id) VALUES (54,'Hudson Bay','Qatar','01596','P.O. Box 504, 3854 Vitae St.','-88.40103','-43.36267',36);
INSERT INTO LOCATION (id,city,country,zip,address,lon,lat,user_id) VALUES (55,'Saltara','Spain','54-501','P.O. Box 193, 3505 Nonummy Rd.','-122.92759','15.14941',24);
INSERT INTO LOCATION (id,city,country,zip,address,lon,lat,user_id) VALUES (56,'Kolkata','Afghanistan','2114','P.O. Box 723, 7005 Proin St.','-17.84558','-78.43435',24);
INSERT INTO LOCATION (id,city,country,zip,address,lon,lat,user_id) VALUES (57,'Whangarei','Virgin Islands, British','3564 ZA','8047 Maecenas Street','85.36214','10.49485',17);
INSERT INTO LOCATION (id,city,country,zip,address,lon,lat,user_id) VALUES (58,'West Vancouver','Falkland Islands','11600','251 A, Rd.','-18.32022','58.83085',7);
INSERT INTO LOCATION (id,city,country,zip,address,lon,lat,user_id) VALUES (59,'Seattle','Anguilla','M1S 9S7','Ap #117-9473 Dui, Rd.','-75.23297','47.13278',30);
INSERT INTO LOCATION (id,city,country,zip,address,lon,lat,user_id) VALUES (60,'Bahawalnagar','Saint Helena, Ascension and Tristan da Cunha','7704','Ap #314-2701 Eu Avenue','-3.51505','76.40094',26);
INSERT INTO LOCATION (id,city,country,zip,address,lon,lat,user_id) VALUES (61,'Chile Chico','Albania','29150','P.O. Box 236, 7166 Est Av.','157.82916','-14.6899',30);
INSERT INTO LOCATION (id,city,country,zip,address,lon,lat,user_id) VALUES (62,'Pittsburgh','Saint Helena, Ascension and Tristan da Cunha','374723','7180 Sem Avenue','1.58215','40.10553',15);
INSERT INTO LOCATION (id,city,country,zip,address,lon,lat,user_id) VALUES (63,'Gojra','Burkina Faso','I6U 6OR','P.O. Box 180, 2984 Sed Avenue','-111.16794','-70.36373',7);
INSERT INTO LOCATION (id,city,country,zip,address,lon,lat,user_id) VALUES (64,'Tarsia','Kenya','M9Z 3N5','2893 Posuere Rd.','99.92134','42.95126',37);
INSERT INTO LOCATION (id,city,country,zip,address,lon,lat,user_id) VALUES (65,'Hattiesburg','Guinea-Bissau','8258 IW','753-6884 Vel Avenue','-109.53603','-46.35517',14);
INSERT INTO LOCATION (id,city,country,zip,address,lon,lat,user_id) VALUES (66,'Whitby','Peru','35336','234-6916 Diam St.','68.6593','12.60819',10);
INSERT INTO LOCATION (id,city,country,zip,address,lon,lat,user_id) VALUES (67,'Subbiano','French Guiana','8353','509-3821 Mauris St.','-14.11349','3.47132',8);
INSERT INTO LOCATION (id,city,country,zip,address,lon,lat,user_id) VALUES (68,'Aberystwyth','Botswana','67129','549-4346 Feugiat Ave','-3.32672','36.36062',31);
INSERT INTO LOCATION (id,city,country,zip,address,lon,lat,user_id) VALUES (69,'Kanchipuram','Zambia','62140','8983 Eu St.','123.2008','-22.62815',19);
INSERT INTO LOCATION (id,city,country,zip,address,lon,lat,user_id) VALUES (70,'Darıca','Saudi Arabia','921372','975-9963 Ipsum St.','32.70575','29.94842',36);
INSERT INTO LOCATION (id,city,country,zip,address,lon,lat,user_id) VALUES (71,'Vlimmeren','Trinidad and Tobago','462645','3750 Vitae Rd.','178.94912','37.15795',19);
INSERT INTO LOCATION (id,city,country,zip,address,lon,lat,user_id) VALUES (72,'Voitsberg','Guernsey','3343','231-475 Lectus Rd.','-138.59615','33.90192',30);
INSERT INTO LOCATION (id,city,country,zip,address,lon,lat,user_id) VALUES (73,'Burntisland','Belarus','P64 4OZ','Ap #569-2570 Egestas Street','-94.95742','-81.23643',25);
INSERT INTO LOCATION (id,city,country,zip,address,lon,lat,user_id) VALUES (74,'Heikruis','Palestine, State of','21374-810','9804 Ipsum St.','145.01373','-48.49247',33);
INSERT INTO LOCATION (id,city,country,zip,address,lon,lat,user_id) VALUES (75,'Allein','Poland','399980','Ap #997-1860 Lorem, St.','4.95527','51.11054',20);
INSERT INTO LOCATION (id,city,country,zip,address,lon,lat,user_id) VALUES (76,'Ribnitz-Damgarten','Spain','561670','Ap #194-7596 Tincidunt St.','-132.86399','-49.09863',32);
INSERT INTO LOCATION (id,city,country,zip,address,lon,lat,user_id) VALUES (77,'Wardha','Slovakia','98-770','325-9900 Elit. Avenue','84.76001','66.05802',29);
INSERT INTO LOCATION (id,city,country,zip,address,lon,lat,user_id) VALUES (78,'Giurdignano','Canada','637922','Ap #558-5986 Dolor, St.','-123.08405','42.42286',28);
INSERT INTO LOCATION (id,city,country,zip,address,lon,lat,user_id) VALUES (79,'Traiguén','Greece','18507','987-8356 Aliquam St.','-54.43501','-79.14308',38);
INSERT INTO LOCATION (id,city,country,zip,address,lon,lat,user_id) VALUES (80,'Montone','South Sudan','99045','462-9738 Egestas Rd.','87.41538','-83.45923',13);
INSERT INTO LOCATION (id,city,country,zip,address,lon,lat,user_id) VALUES (81,'Kakisa','United States','4879','594-8937 Ultrices. Av.','33.31475','65.32035',33);
INSERT INTO LOCATION (id,city,country,zip,address,lon,lat,user_id) VALUES (82,'Punitaqui','Colombia','43838-234','1251 Quam Rd.','156.29497','-67.6832',14);
INSERT INTO LOCATION (id,city,country,zip,address,lon,lat,user_id) VALUES (83,'Georgia','Eritrea','24560','Ap #843-7673 In St.','-171.72286','-65.872',25);
INSERT INTO LOCATION (id,city,country,zip,address,lon,lat,user_id) VALUES (84,'Senneville','Solomon Islands','71187','Ap #768-5963 Magna Rd.','-70.72474','-28.58764',19);
INSERT INTO LOCATION (id,city,country,zip,address,lon,lat,user_id) VALUES (85,'Cap-de-la-Madeleine','Reunion','7424','Ap #594-9581 Dictum Av.','-124.52412','60.33187',41);
INSERT INTO LOCATION (id,city,country,zip,address,lon,lat,user_id) VALUES (86,'Parla','Sierra Leone','90526','Ap #475-6443 Auctor, Av.','110.56417','-37.37769',21);
INSERT INTO LOCATION (id,city,country,zip,address,lon,lat,user_id) VALUES (87,'Chełm','Reunion','6090','451-4895 Magna. Av.','-144.11671','1.00624',37);
INSERT INTO LOCATION (id,city,country,zip,address,lon,lat,user_id) VALUES (88,'Anglet','Heard Island and Mcdonald Islands','487197','798-5679 Suspendisse Ave','127.43742','84.7495',40);
INSERT INTO LOCATION (id,city,country,zip,address,lon,lat,user_id) VALUES (89,'Issy-les-Moulineaux','Qatar','19066','Ap #292-3936 Aliquet Street','123.78546','1.90251',39);
INSERT INTO LOCATION (id,city,country,zip,address,lon,lat,user_id) VALUES (90,'Saint-Denis','Congo, the Democratic Republic of the','6518','Ap #448-6967 Ante Av.','-129.17695','72.44404',17);
INSERT INTO LOCATION (id,city,country,zip,address,lon,lat,user_id) VALUES (91,'Antibes','Malaysia','L06 2IZ','P.O. Box 879, 8196 Sed Ave','111.37529','51.51288',35);
INSERT INTO LOCATION (id,city,country,zip,address,lon,lat,user_id) VALUES (92,'Laives/Leifers','Philippines','21900','1508 Dui. St.','-137.71885','9.42038',33);
INSERT INTO LOCATION (id,city,country,zip,address,lon,lat,user_id) VALUES (93,'Punta Arenas','Uzbekistan','31918','Ap #12019-9096 Feugiat. Street','84.44462','39.90275',25);
INSERT INTO LOCATION (id,city,country,zip,address,lon,lat,user_id) VALUES (94,'St. John''s','Namibia','80256','1202 Quam Av.','97.1194','-23.06791',17);
INSERT INTO LOCATION (id,city,country,zip,address,lon,lat,user_id) VALUES (95,'Logan City','San Marino','6785','795-990 Donec Avenue','-75.23226','86.17706',27);
INSERT INTO LOCATION (id,city,country,zip,address,lon,lat,user_id) VALUES (96,'San Joaquín','Angola','517702','689-4245 Nulla Av.','172.64289','-36.76508',9);
INSERT INTO LOCATION (id,city,country,zip,address,lon,lat,user_id) VALUES (97,'Rengo','Korea, North','R6P 8Y4','P.O. Box 654, 7843 Mus. Rd.','-2.37825','27.34154',21);
INSERT INTO LOCATION (id,city,country,zip,address,lon,lat,user_id) VALUES (98,'Kermt','Mauritania','8614','682-3621 Ultricies Rd.','106.07719','-75.58973',15);
INSERT INTO LOCATION (id,city,country,zip,address,lon,lat,user_id) VALUES (99,'Weißenfels','Curaçao','0240','500-4089 Justo Rd.','158.97101','33.61938',9);
INSERT INTO LOCATION (id,city,country,zip,address,lon,lat,user_id) VALUES (100,'Pellizzano','Myanmar','11104','6695 Interdum. Av.','173.67572','-60.40167',32);

--HOLDING TABLE--
INSERT INTO HOLDING (id,siret,name,description,image_id,location_id,owner_id) VALUES (1,35510266353376,'Risus Donec Nibh Associates','tristique pellentesque, tellus sem mollis', 1,14,32);
INSERT INTO HOLDING (id,siret,name,description,image_id,location_id,owner_id) VALUES (2,51018813629634,'Rutrum Incorporated','elit, a feugiat tellus lorem eu metus. In lorem.', 1,100,11);
INSERT INTO HOLDING (id,siret,name,description,image_id,location_id,owner_id) VALUES (3,20258648297749,'Eleifend Incorporated','gravida', 1,43,13);
INSERT INTO HOLDING (id,siret,name,description,image_id,location_id,owner_id) VALUES (4,95931812617927,'Amet Consectetuer PC','et, lacinia vitae, sodales at, velit. Pellentesque', 1,16,39);
INSERT INTO HOLDING (id,siret,name,description,image_id,location_id,owner_id) VALUES (5,44159788899123,'Faucibus Corporation','Vivamus sit amet risus. Donec egestas. Aliquam nec', 1,20,11);
INSERT INTO HOLDING (id,siret,name,description,image_id,location_id,owner_id) VALUES (6,45314601794816,'Tortor Dictum Institute','sed, sapien. Nunc', 1,41,16);
INSERT INTO HOLDING (id,siret,name,description,image_id,location_id,owner_id) VALUES (7,54725759970024,'Consectetuer Ipsum Limited','sapien molestie orci tincidunt adipiscing. Mauris molestie pharetra nibh. Aliquam', 1,75,19);
INSERT INTO HOLDING (id,siret,name,description,image_id,location_id,owner_id) VALUES (8,90284661385230,'Feugiat Lorem Corp.','sociis natoque penatibus et magnis dis parturient', 1,27,14);
INSERT INTO HOLDING (id,siret,name,description,image_id,location_id,owner_id) VALUES (9,45579464863985,'Euismod In Dolor LLP','erat nonummy ultricies ornare, elit', 1,50,37);
INSERT INTO HOLDING (id,siret,name,description,image_id,location_id,owner_id) VALUES (10,34561075288802,'Tellus Sem Mollis Associates','placerat, orci lacus vestibulum lorem,', 1,87,30);
INSERT INTO HOLDING (id,siret,name,description,image_id,location_id,owner_id) VALUES (11,78177381535060,'Sit Amet Risus Associates','Curabitur massa. Vestibulum accumsan', 1,22,25);
INSERT INTO HOLDING (id,siret,name,description,image_id,location_id,owner_id) VALUES (12,45759830428287,'Montes Nascetur Ridiculus LLC','Cum sociis natoque penatibus et magnis', 1,86,7);
INSERT INTO HOLDING (id,siret,name,description,image_id,location_id,owner_id) VALUES (13,21951251435093,'Massa LLC','gravida molestie arcu. Sed eu nibh vulputate mauris', 1,67,21);
INSERT INTO HOLDING (id,siret,name,description,image_id,location_id,owner_id) VALUES (14,14194483258761,'Vitae Posuere At LLP','est. Nunc ullamcorper, velit in aliquet lobortis, nisi', 1,86,37);
INSERT INTO HOLDING (id,siret,name,description,image_id,location_id,owner_id) VALUES (15,19790238379500,'Volutpat Nunc Associates','interdum feugiat. Sed nec metus facilisis lorem tristique aliquet. Phasellus', 1,60,41);
INSERT INTO HOLDING (id,siret,name,description,image_id,location_id,owner_id) VALUES (16,32822713665664,'Leo Vivamus Nibh Corporation','senectus et', 1,32,10);
INSERT INTO HOLDING (id,siret,name,description,image_id,location_id,owner_id) VALUES (17,40301620410755,'Tincidunt Vehicula Risus Consulting','orci luctus', 1,14,27);
INSERT INTO HOLDING (id,siret,name,description,image_id,location_id,owner_id) VALUES (18,86815033587627,'Commodo Tincidunt Nibh Corp.','elementum at, egestas a, scelerisque', 1,27,22);
INSERT INTO HOLDING (id,siret,name,description,image_id,location_id,owner_id) VALUES (19,62988160378299,'Eros Turpis Non Limited','mollis non, cursus non, egestas a, dui. Cras', 1,41,29);
INSERT INTO HOLDING (id,siret,name,description,image_id,location_id,owner_id) VALUES (20,40570132541470,'Augue Ut Foundation','lobortis risus. In mi pede,', 1,35,35);
INSERT INTO HOLDING (id,siret,name,description,image_id,location_id,owner_id) VALUES (21,15436596567742,'Fringilla Euismod Enim Inc.','fermentum vel, mauris. Integer', 1,92,40);
INSERT INTO HOLDING (id,siret,name,description,image_id,location_id,owner_id) VALUES (22,44629894727841,'Feugiat Placerat Velit Industries','fringilla est. Mauris eu turpis.', 1,55,12);
INSERT INTO HOLDING (id,siret,name,description,image_id,location_id,owner_id) VALUES (23,19996940973214,'Sed Industries','neque', 1,51,8);
INSERT INTO HOLDING (id,siret,name,description,image_id,location_id,owner_id) VALUES (24,75054652085527,'Sed Orci Lobortis Inc.','lectus quis massa. Mauris vestibulum,', 1,46,17);
INSERT INTO HOLDING (id,siret,name,description,image_id,location_id,owner_id) VALUES (25,55509336320683,'Magna Cras Convallis PC','lacus. Nulla tincidunt, neque vitae semper egestas, urna justo faucibus', 1,4,23);
INSERT INTO HOLDING (id,siret,name,description,image_id,location_id,owner_id) VALUES (26,40256752963177,'Lacus Aliquam PC','diam', 1,66,24);
INSERT INTO HOLDING (id,siret,name,description,image_id,location_id,owner_id) VALUES (27,78651886857114,'Adipiscing Ligula Foundation','urna. Vivamus molestie dapibus ligula. Aliquam', 1,74,40);
INSERT INTO HOLDING (id,siret,name,description,image_id,location_id,owner_id) VALUES (28,31737210433930,'In Scelerisque PC','Donec dignissim magna a tortor.', 1,36,15);
INSERT INTO HOLDING (id,siret,name,description,image_id,location_id,owner_id) VALUES (29,34634793498553,'Nascetur Ridiculus Inc.','parturient montes,', 1,89,38);
INSERT INTO HOLDING (id,siret,name,description,image_id,location_id,owner_id) VALUES (30,35840605455450,'Varius Foundation','Cras pellentesque. Sed dictum. Proin eget odio.', 1,7,20);
INSERT INTO HOLDING (id,siret,name,description,image_id,location_id,owner_id) VALUES (31,42753508430905,'Urna Convallis Foundation','eget magna. Suspendisse tristique neque venenatis lacus.', 1,76,34);
INSERT INTO HOLDING (id,siret,name,description,image_id,location_id,owner_id) VALUES (32,58898394540883,'Bibendum Ullamcorper Duis Institute','velit. Pellentesque', 1,17,7);
INSERT INTO HOLDING (id,siret,name,description,image_id,location_id,owner_id) VALUES (33,45791984875686,'Suspendisse Limited','ornare.', 1,65,29);
INSERT INTO HOLDING (id,siret,name,description,image_id,location_id,owner_id) VALUES (34,30609669024124,'Lectus Pede Inc.','dapibus quam quis diam. Pellentesque habitant morbi tristique senectus', 1,51,11);
INSERT INTO HOLDING (id,siret,name,description,image_id,location_id,owner_id) VALUES (35,15860219462774,'Orci Tincidunt Adipiscing Consulting','dui. Cras pellentesque. Sed dictum. Proin', 1,14,11);
INSERT INTO HOLDING (id,siret,name,description,image_id,location_id,owner_id) VALUES (36,62319777989760,'Mattis Velit Justo Inc.','elit erat vitae risus. Duis', 1,19,30);
INSERT INTO HOLDING (id,siret,name,description,image_id,location_id,owner_id) VALUES (37,12132457881234,'Vivamus Molestie Inc.','eu metus. In lorem. Donec elementum, lorem', 1,25,41);
INSERT INTO HOLDING (id,siret,name,description,image_id,location_id,owner_id) VALUES (38,98664730428718,'Arcu Curabitur Ut Corporation','vitae dolor. Donec fringilla.', 1,42,33);
INSERT INTO HOLDING (id,siret,name,description,image_id,location_id,owner_id) VALUES (39,42873309631831,'Placerat Velit Associates','et', 1,95,15);
INSERT INTO HOLDING (id,siret,name,description,image_id,location_id,owner_id) VALUES (40,62745723342522,'In Limited','rhoncus.', 1,22,7);
INSERT INTO HOLDING (id,siret,name,description,image_id,location_id,owner_id) VALUES (41,84982159552164,'Erat Incorporated','euismod est', 1,61,22);
INSERT INTO HOLDING (id,siret,name,description,image_id,location_id,owner_id) VALUES (42,46247822609730,'Eget Ipsum Suspendisse Institute','ac ipsum. Phasellus', 1,2,10);
INSERT INTO HOLDING (id,siret,name,description,image_id,location_id,owner_id) VALUES (43,45264535387977,'Tortor At Risus Inc.','massa. Mauris vestibulum, neque', 1,78,18);
INSERT INTO HOLDING (id,siret,name,description,image_id,location_id,owner_id) VALUES (44,30026262747123,'Nec Luctus Felis LLP','libero est, congue a, aliquet vel,', 1,74,18);
INSERT INTO HOLDING (id,siret,name,description,image_id,location_id,owner_id) VALUES (45,22828119583427,'In Consectetuer PC','orci luctus et ultrices posuere cubilia Curae; Phasellus ornare. Fusce', 1,95,17);
INSERT INTO HOLDING (id,siret,name,description,image_id,location_id,owner_id) VALUES (46,21942642005160,'Lorem Eget Mollis Consulting','enim nisl elementum purus, accumsan interdum', 1,13,23);
INSERT INTO HOLDING (id,siret,name,description,image_id,location_id,owner_id) VALUES (47,92355031911283,'Sed Company','pellentesque, tellus sem mollis dui,', 1,21,37);
INSERT INTO HOLDING (id,siret,name,description,image_id,location_id,owner_id) VALUES (48,75190133270807,'Tortor Nunc Commodo Corporation','nec tempus scelerisque, lorem ipsum sodales purus,', 1,31,32);
INSERT INTO HOLDING (id,siret,name,description,image_id,location_id,owner_id) VALUES (49,94923550090752,'Curabitur Industries','magna a neque. Nullam ut nisi', 1,71,13);
INSERT INTO HOLDING (id,siret,name,description,image_id,location_id,owner_id) VALUES (50,94827388664707,'Malesuada LLC','sapien molestie orci tincidunt adipiscing. Mauris molestie pharetra nibh. Aliquam', 1,38,11);
INSERT INTO HOLDING (id,siret,name,description,image_id,location_id,owner_id) VALUES (51,96388133903965,'Risus Quis Institute','mi felis, adipiscing fringilla, porttitor vulputate, posuere', 1,5,38);
INSERT INTO HOLDING (id,siret,name,description,image_id,location_id,owner_id) VALUES (52,86753892716951,'Suscipit Inc.','sit amet, consectetuer adipiscing elit. Etiam laoreet, libero', 1,13,20);
INSERT INTO HOLDING (id,siret,name,description,image_id,location_id,owner_id) VALUES (53,78676405516453,'Et Limited','Nulla aliquet. Proin velit. Sed malesuada augue ut', 1,22,20);
INSERT INTO HOLDING (id,siret,name,description,image_id,location_id,owner_id) VALUES (54,38264498002827,'Nec Metus Facilisis Corporation','ornare tortor at', 1,13,16);
INSERT INTO HOLDING (id,siret,name,description,image_id,location_id,owner_id) VALUES (55,49181246859952,'Suspendisse Dui Fusce Limited','risus. Nunc ac sem ut dolor dapibus gravida. Aliquam tincidunt,', 1,72,7);
INSERT INTO HOLDING (id,siret,name,description,image_id,location_id,owner_id) VALUES (56,83479757891036,'Dolor Quam Elementum Industries','malesuada. Integer id magna et ipsum cursus vestibulum.', 1,64,41);
INSERT INTO HOLDING (id,siret,name,description,image_id,location_id,owner_id) VALUES (57,43329820684157,'Nam Interdum Enim Inc.','velit egestas lacinia. Sed congue, elit sed consequat', 1,56,34);
INSERT INTO HOLDING (id,siret,name,description,image_id,location_id,owner_id) VALUES (58,51175224175676,'Odio Semper Institute','vitae dolor. Donec fringilla. Donec', 1,58,19);
INSERT INTO HOLDING (id,siret,name,description,image_id,location_id,owner_id) VALUES (59,80227198377251,'Purus Sapien Corp.','nisl. Quisque fringilla euismod enim. Etiam gravida molestie arcu. Sed', 1,22,22);
INSERT INTO HOLDING (id,siret,name,description,image_id,location_id,owner_id) VALUES (60,13595025008544,'Lectus Nullam Suscipit Limited','elit pede, malesuada vel, venenatis', 1,46,29);
INSERT INTO HOLDING (id,siret,name,description,image_id,location_id,owner_id) VALUES (61,62529845372773,'A Incorporated','et libero. Proin mi. Aliquam gravida', 1,7,9);
INSERT INTO HOLDING (id,siret,name,description,image_id,location_id,owner_id) VALUES (62,27606701129116,'Nulla Inc.','massa lobortis ultrices. Vivamus rhoncus. Donec est.', 1,53,36);
INSERT INTO HOLDING (id,siret,name,description,image_id,location_id,owner_id) VALUES (63,86469778553582,'Non Ante LLP','lectus sit amet luctus vulputate, nisi sem semper erat,', 1,70,26);
INSERT INTO HOLDING (id,siret,name,description,image_id,location_id,owner_id) VALUES (64,45032231654040,'Nec Euismod LLP','dolor, nonummy ac, feugiat non, lobortis', 1,48,32);
INSERT INTO HOLDING (id,siret,name,description,image_id,location_id,owner_id) VALUES (65,52027270700782,'Velit Institute','hendrerit consectetuer, cursus et, magna. Praesent interdum ligula eu enim.', 1,50,10);
INSERT INTO HOLDING (id,siret,name,description,image_id,location_id,owner_id) VALUES (66,38411275898106,'Sit Amet Industries','ornare egestas ligula. Nullam feugiat placerat velit. Quisque', 1,39,20);
INSERT INTO HOLDING (id,siret,name,description,image_id,location_id,owner_id) VALUES (67,22499338760972,'Adipiscing Ligula Corp.','placerat velit. Quisque varius. Nam porttitor', 1,56,11);
INSERT INTO HOLDING (id,siret,name,description,image_id,location_id,owner_id) VALUES (68,89984072297811,'Sed Limited','tincidunt pede ac urna. Ut tincidunt vehicula risus. Nulla eget', 1,13,40);
INSERT INTO HOLDING (id,siret,name,description,image_id,location_id,owner_id) VALUES (69,32853841749019,'Varius Orci In Corporation','tincidunt, neque vitae semper egestas, urna justo faucibus lectus, a', 1,92,27);
INSERT INTO HOLDING (id,siret,name,description,image_id,location_id,owner_id) VALUES (70,29011995089240,'Odio Tristique Pharetra Ltd','vel lectus. Cum', 1,56,18);
INSERT INTO HOLDING (id,siret,name,description,image_id,location_id,owner_id) VALUES (71,14781771656125,'A Institute','pellentesque a, facilisis non, bibendum sed, est. Nunc laoreet lectus', 1,79,9);
INSERT INTO HOLDING (id,siret,name,description,image_id,location_id,owner_id) VALUES (72,98633768893778,'Mauris Vel Turpis Foundation','cursus. Integer', 1,64,31);
INSERT INTO HOLDING (id,siret,name,description,image_id,location_id,owner_id) VALUES (73,48931216280907,'Quam A Felis Consulting','eu, odio. Phasellus at augue', 1,63,18);
INSERT INTO HOLDING (id,siret,name,description,image_id,location_id,owner_id) VALUES (74,80152636067941,'Blandit Mattis Cras Ltd','dis parturient', 1,5,8);
INSERT INTO HOLDING (id,siret,name,description,image_id,location_id,owner_id) VALUES (75,71165605420246,'Auctor Limited','faucibus id, libero. Donec consectetuer mauris', 1,39,23);
INSERT INTO HOLDING (id,siret,name,description,image_id,location_id,owner_id) VALUES (76,69210797995328,'In Consequat Institute','orci. Ut', 1,64,25);
INSERT INTO HOLDING (id,siret,name,description,image_id,location_id,owner_id) VALUES (77,45366385737434,'Metus Aenean Sed Corporation','molestie tortor nibh sit amet orci. Ut sagittis', 1,5,19);
INSERT INTO HOLDING (id,siret,name,description,image_id,location_id,owner_id) VALUES (78,28407160099595,'In Magna Phasellus Limited','dapibus rutrum, justo. Praesent luctus. Curabitur egestas', 1,44,18);
INSERT INTO HOLDING (id,siret,name,description,image_id,location_id,owner_id) VALUES (79,71473601846955,'Facilisi Consulting','orci, in consequat enim diam vel arcu. Curabitur ut', 1,64,32);
INSERT INTO HOLDING (id,siret,name,description,image_id,location_id,owner_id) VALUES (80,77557148276828,'Tristique Ltd','Sed congue,', 1,47,31);
INSERT INTO HOLDING (id,siret,name,description,image_id,location_id,owner_id) VALUES (81,64667401462793,'Nulla Corp.','erat. Sed nunc est, mollis non,', 1,66,9);
INSERT INTO HOLDING (id,siret,name,description,image_id,location_id,owner_id) VALUES (82,62601904468610,'Eros LLC','ante. Nunc mauris sapien, cursus in, hendrerit consectetuer,', 1,31,10);
INSERT INTO HOLDING (id,siret,name,description,image_id,location_id,owner_id) VALUES (83,76891683293506,'Imperdiet Ullamcorper LLP','molestie. Sed id', 1,12,14);
INSERT INTO HOLDING (id,siret,name,description,image_id,location_id,owner_id) VALUES (84,17273414288647,'Nulla Company','nec tellus.', 1,95,18);
INSERT INTO HOLDING (id,siret,name,description,image_id,location_id,owner_id) VALUES (85,85335904406383,'Consectetuer Cursus Et PC','Morbi neque tellus, imperdiet non, vestibulum', 1,33,33);
INSERT INTO HOLDING (id,siret,name,description,image_id,location_id,owner_id) VALUES (86,51300906958058,'Dictum LLP','nec, malesuada', 1,52,33);
INSERT INTO HOLDING (id,siret,name,description,image_id,location_id,owner_id) VALUES (87,99794044191949,'Donec Fringilla Industries','Nunc pulvinar arcu et pede. Nunc', 1,39,8);
INSERT INTO HOLDING (id,siret,name,description,image_id,location_id,owner_id) VALUES (88,99239164171740,'Sagittis Placerat Ltd','Quisque', 1,13,23);
INSERT INTO HOLDING (id,siret,name,description,image_id,location_id,owner_id) VALUES (89,92432107911445,'Vitae Orci Phasellus Corp.','Praesent eu dui. Cum', 1,6,33);
INSERT INTO HOLDING (id,siret,name,description,image_id,location_id,owner_id) VALUES (90,30252423007041,'Lorem Corp.','parturient montes,', 1,89,31);
INSERT INTO HOLDING (id,siret,name,description,image_id,location_id,owner_id) VALUES (91,11443271106109,'Ligula Eu Associates','nec mauris blandit mattis. Cras eget', 1,86,15);
INSERT INTO HOLDING (id,siret,name,description,image_id,location_id,owner_id) VALUES (92,38958047893829,'Semper Foundation','Morbi neque tellus, imperdiet non, vestibulum', 1,14,25);
INSERT INTO HOLDING (id,siret,name,description,image_id,location_id,owner_id) VALUES (93,77791509139351,'Vitae Sodales PC','tincidunt tempus risus. Donec egestas. Duis', 1,94,28);
INSERT INTO HOLDING (id,siret,name,description,image_id,location_id,owner_id) VALUES (94,57208513971418,'Rutrum Magna PC','non, feugiat nec, diam. Duis mi enim, condimentum eget,', 1,12,19);
INSERT INTO HOLDING (id,siret,name,description,image_id,location_id,owner_id) VALUES (95,94106927542015,'In Consequat Enim Company','risus odio, auctor vitae, aliquet nec, imperdiet nec, leo.', 1,98,28);
INSERT INTO HOLDING (id,siret,name,description,image_id,location_id,owner_id) VALUES (96,56759298150427,'Aliquam Adipiscing Lobortis Inc.','orci. Donec nibh. Quisque nonummy ipsum', 1,85,27);
INSERT INTO HOLDING (id,siret,name,description,image_id,location_id,owner_id) VALUES (97,40796744879335,'Lacinia Corporation','facilisis lorem tristique aliquet. Phasellus fermentum', 1,85,17);
INSERT INTO HOLDING (id,siret,name,description,image_id,location_id,owner_id) VALUES (98,80928416829556,'Dui Augue Incorporated','Pellentesque tincidunt tempus risus. Donec egestas. Duis ac', 1,50,22);
INSERT INTO HOLDING (id,siret,name,description,image_id,location_id,owner_id) VALUES (99,94040881372056,'Molestie Pharetra Industries','nec, mollis vitae, posuere at, velit. Cras lorem lorem, luctus', 1,83,26);
INSERT INTO HOLDING (id,siret,name,description,image_id,location_id,owner_id) VALUES (100,20173058337531,'Risus Industries','eros. Proin ultrices.', 1,75,7);

--WAREHOUSE TABLE--
INSERT INTO WAREHOUSE (id,name,description,tel,image_id,location_id) VALUES (1,'Consectetuer Ipsum Nunc LLP','turpis. In condimentum.','05 87 07 36 49', 1,6);
INSERT INTO WAREHOUSE (id,name,description,tel,image_id,location_id) VALUES (2,'Accumsan Laoreet Limited','neque. In ornare sagittis felis. Donec tempor, est','05 26 28 31 54', 1,14);
INSERT INTO WAREHOUSE (id,name,description,tel,image_id,location_id) VALUES (3,'Sapien Limited','et magnis dis parturient montes, nascetur ridiculus mus. Donec','03 99 28 70 59', 1,68);
INSERT INTO WAREHOUSE (id,name,description,tel,image_id,location_id) VALUES (4,'Proin Inc.','aliquam adipiscing lacus. Ut','05 62 16 05 38', 1,80);
INSERT INTO WAREHOUSE (id,name,description,tel,image_id,location_id) VALUES (5,'In Company','Duis gravida. Praesent eu','09 81 69 79 12', 1,12);
INSERT INTO WAREHOUSE (id,name,description,tel,image_id,location_id) VALUES (6,'Faucibus Orci Inc.','pulvinar arcu et pede. Nunc sed orci lobortis augue','02 98 72 40 91', 1,49);
INSERT INTO WAREHOUSE (id,name,description,tel,image_id,location_id) VALUES (7,'Amet Orci Ut Corporation','vel','07 92 16 99 15', 1,62);
INSERT INTO WAREHOUSE (id,name,description,tel,image_id,location_id) VALUES (8,'Montes Nascetur Ridiculus Company','cursus','01 26 62 79 46', 1,96);
INSERT INTO WAREHOUSE (id,name,description,tel,image_id,location_id) VALUES (9,'Scelerisque Ltd','lectus sit amet luctus vulputate, nisi','05 51 89 31 88', 1,41);
INSERT INTO WAREHOUSE (id,name,description,tel,image_id,location_id) VALUES (10,'Tellus Lorem Eu Inc.','Mauris blandit enim','06 52 37 06 30', 1,62);
INSERT INTO WAREHOUSE (id,name,description,tel,image_id,location_id) VALUES (11,'Pharetra LLP','Suspendisse eleifend. Cras sed leo.','04 79 88 05 78', 1,29);
INSERT INTO WAREHOUSE (id,name,description,tel,image_id,location_id) VALUES (12,'Rhoncus Id Limited','Sed nulla ante, iaculis nec, eleifend non, dapibus rutrum,','02 84 46 01 70', 1,7);
INSERT INTO WAREHOUSE (id,name,description,tel,image_id,location_id) VALUES (13,'In Foundation','Phasellus dapibus quam','05 93 51 98 80', 1,63);
INSERT INTO WAREHOUSE (id,name,description,tel,image_id,location_id) VALUES (14,'Nunc Nulla Vulputate Company','augue ac ipsum. Phasellus vitae mauris sit','08 66 61 70 99', 1,56);
INSERT INTO WAREHOUSE (id,name,description,tel,image_id,location_id) VALUES (15,'Nam Nulla Magna Ltd','a tortor.','08 48 39 58 39', 1,67);
INSERT INTO WAREHOUSE (id,name,description,tel,image_id,location_id) VALUES (16,'Mollis Duis Industries','ac arcu. Nunc','04 65 06 43 93', 1,71);
INSERT INTO WAREHOUSE (id,name,description,tel,image_id,location_id) VALUES (17,'Eu Nulla Industries','Aliquam vulputate ullamcorper magna. Sed eu eros. Nam','07 89 50 45 48', 1,53);
INSERT INTO WAREHOUSE (id,name,description,tel,image_id,location_id) VALUES (18,'Mollis Vitae Posuere PC','Cras vehicula aliquet libero. Integer','05 74 29 14 53', 1,50);
INSERT INTO WAREHOUSE (id,name,description,tel,image_id,location_id) VALUES (19,'Per LLC','eleifend non, dapibus rutrum, justo. Praesent luctus. Curabitur egestas','01 85 43 03 11', 1,18);
INSERT INTO WAREHOUSE (id,name,description,tel,image_id,location_id) VALUES (20,'Dignissim Magna A Corporation','sem ut dolor dapibus gravida. Aliquam tincidunt, nunc ac mattis','01 10 40 03 19', 1,44);
INSERT INTO WAREHOUSE (id,name,description,tel,image_id,location_id) VALUES (21,'Donec At PC','pharetra.','08 81 86 52 00', 1,59);
INSERT INTO WAREHOUSE (id,name,description,tel,image_id,location_id) VALUES (22,'Lectus Pede Limited','aliquet magna a neque.','07 34 83 20 00', 1,44);
INSERT INTO WAREHOUSE (id,name,description,tel,image_id,location_id) VALUES (23,'Ornare Placerat Orci Incorporated','Aliquam gravida mauris','04 93 58 58 62', 1,29);
INSERT INTO WAREHOUSE (id,name,description,tel,image_id,location_id) VALUES (24,'Ac Eleifend Inc.','accumsan convallis, ante lectus convallis est, vitae sodales','05 00 31 31 43', 1,47);
INSERT INTO WAREHOUSE (id,name,description,tel,image_id,location_id) VALUES (25,'Nullam Ltd','condimentum. Donec at arcu. Vestibulum ante ipsum primis','07 19 46 67 09', 1,40);
INSERT INTO WAREHOUSE (id,name,description,tel,image_id,location_id) VALUES (26,'Dictum Institute','ad litora torquent per conubia nostra, per inceptos hymenaeos.','05 04 72 84 21', 1,97);
INSERT INTO WAREHOUSE (id,name,description,tel,image_id,location_id) VALUES (27,'Nec Tempus Consulting','non justo. Proin non massa non ante','08 24 44 17 56', 1,87);
INSERT INTO WAREHOUSE (id,name,description,tel,image_id,location_id) VALUES (28,'Quis Massa Limited','Sed neque. Sed eget lacus.','02 31 90 97 47', 1,75);
INSERT INTO WAREHOUSE (id,name,description,tel,image_id,location_id) VALUES (29,'Nulla Dignissim Maecenas Associates','vel, mauris. Integer sem elit, pharetra ut,','06 63 18 01 45', 1,71);
INSERT INTO WAREHOUSE (id,name,description,tel,image_id,location_id) VALUES (30,'Mi Lorem Vehicula Corp.','aliquet vel, vulputate eu, odio. Phasellus at augue id ante','05 29 46 56 65', 1,30);
INSERT INTO WAREHOUSE (id,name,description,tel,image_id,location_id) VALUES (31,'Purus In Inc.','cubilia Curae; Donec tincidunt. Donec vitae','04 54 74 07 83', 1,9);
INSERT INTO WAREHOUSE (id,name,description,tel,image_id,location_id) VALUES (32,'Rhoncus Id Mollis Incorporated','pede.','03 04 29 56 70', 1,13);
INSERT INTO WAREHOUSE (id,name,description,tel,image_id,location_id) VALUES (33,'At Velit Cras Associates','nunc id enim. Curabitur massa. Vestibulum accumsan neque et','05 97 20 96 11', 1,33);
INSERT INTO WAREHOUSE (id,name,description,tel,image_id,location_id) VALUES (34,'Amet Orci Industries','pharetra, felis eget varius','06 93 41 67 91', 1,25);
INSERT INTO WAREHOUSE (id,name,description,tel,image_id,location_id) VALUES (35,'Nec Tempus LLC','eget, dictum placerat, augue. Sed molestie.','05 50 83 40 10', 1,54);
INSERT INTO WAREHOUSE (id,name,description,tel,image_id,location_id) VALUES (36,'Vulputate Posuere Vulputate Company','mauris a nunc. In at pede. Cras','08 73 21 11 84', 1,62);
INSERT INTO WAREHOUSE (id,name,description,tel,image_id,location_id) VALUES (37,'Nisi Foundation','dolor.','06 37 65 25 93', 1,65);
INSERT INTO WAREHOUSE (id,name,description,tel,image_id,location_id) VALUES (38,'Non Bibendum Limited','magnis dis parturient montes, nascetur','04 50 99 63 34', 1,99);
INSERT INTO WAREHOUSE (id,name,description,tel,image_id,location_id) VALUES (39,'Nunc Sollicitudin Commodo Limited','sit amet, consectetuer adipiscing elit. Etiam laoreet, libero','01 05 86 94 08', 1,77);
INSERT INTO WAREHOUSE (id,name,description,tel,image_id,location_id) VALUES (40,'Euismod Ac Fermentum Institute','consequat enim diam vel arcu. Curabitur ut','06 42 70 76 56', 1,90);
INSERT INTO WAREHOUSE (id,name,description,tel,image_id,location_id) VALUES (41,'Velit Institute','malesuada fames ac turpis egestas. Aliquam fringilla cursus','02 94 84 18 74', 1,74);
INSERT INTO WAREHOUSE (id,name,description,tel,image_id,location_id) VALUES (42,'Mauris Associates','lorem, eget mollis lectus','04 28 58 51 23', 1,10);
INSERT INTO WAREHOUSE (id,name,description,tel,image_id,location_id) VALUES (43,'Interdum Enim Non Corporation','ut dolor dapibus gravida. Aliquam tincidunt, nunc','08 91 72 41 78', 1,67);
INSERT INTO WAREHOUSE (id,name,description,tel,image_id,location_id) VALUES (44,'Aliquam Institute','nec, euismod in, dolor. Fusce feugiat. Lorem','07 14 79 70 86', 1,90);
INSERT INTO WAREHOUSE (id,name,description,tel,image_id,location_id) VALUES (45,'Pede Associates','fringilla','04 93 49 82 92', 1,42);
INSERT INTO WAREHOUSE (id,name,description,tel,image_id,location_id) VALUES (46,'Ultrices Posuere Institute','in felis. Nulla tempor augue ac ipsum.','09 42 42 62 04', 1,70);
INSERT INTO WAREHOUSE (id,name,description,tel,image_id,location_id) VALUES (47,'Porttitor LLC','elit, dictum eu, eleifend nec, malesuada ut, sem.','08 61 14 12 83', 1,77);
INSERT INTO WAREHOUSE (id,name,description,tel,image_id,location_id) VALUES (48,'Interdum Nunc PC','hendrerit.','07 15 69 66 24', 1,68);
INSERT INTO WAREHOUSE (id,name,description,tel,image_id,location_id) VALUES (49,'Lectus Cum Institute','nonummy ipsum non arcu. Vivamus sit amet','03 71 67 50 06', 1,74);
INSERT INTO WAREHOUSE (id,name,description,tel,image_id,location_id) VALUES (50,'Phasellus Vitae Company','semper rutrum. Fusce dolor quam,','03 84 09 39 85', 1,21);
INSERT INTO WAREHOUSE (id,name,description,tel,image_id,location_id) VALUES (51,'Malesuada Fames Foundation','Sed eu nibh','09 51 57 82 00', 1,43);
INSERT INTO WAREHOUSE (id,name,description,tel,image_id,location_id) VALUES (52,'Curabitur Ut LLC','pede. Cum sociis','01 29 50 66 65', 1,29);
INSERT INTO WAREHOUSE (id,name,description,tel,image_id,location_id) VALUES (53,'Adipiscing Associates','pharetra nibh. Aliquam ornare, libero at auctor ullamcorper, nisl arcu','02 48 34 81 21', 1,27);
INSERT INTO WAREHOUSE (id,name,description,tel,image_id,location_id) VALUES (54,'Sociis Limited','Proin sed','09 03 77 42 72', 1,37);
INSERT INTO WAREHOUSE (id,name,description,tel,image_id,location_id) VALUES (55,'Eget Inc.','Duis cursus, diam at pretium aliquet, metus','02 33 79 42 15', 1,53);
INSERT INTO WAREHOUSE (id,name,description,tel,image_id,location_id) VALUES (56,'Dui Nec Limited','magna','05 54 25 10 56', 1,34);
INSERT INTO WAREHOUSE (id,name,description,tel,image_id,location_id) VALUES (57,'Massa Integer Associates','blandit mattis. Cras eget nisi','07 86 70 90 48', 1,20);
INSERT INTO WAREHOUSE (id,name,description,tel,image_id,location_id) VALUES (58,'Nec Quam PC','sit amet ultricies sem','03 98 91 41 18', 1,82);
INSERT INTO WAREHOUSE (id,name,description,tel,image_id,location_id) VALUES (59,'Tempor Erat Corporation','adipiscing elit. Aliquam auctor, velit eget laoreet posuere, enim nisl','02 07 75 22 13', 1,65);
INSERT INTO WAREHOUSE (id,name,description,tel,image_id,location_id) VALUES (60,'Donec Tempus Corp.','erat semper rutrum. Fusce dolor quam, elementum at, egestas a,','07 36 86 59 88', 1,76);
INSERT INTO WAREHOUSE (id,name,description,tel,image_id,location_id) VALUES (61,'Auctor Non LLC','risus. Quisque libero lacus,','04 24 29 14 67', 1,34);
INSERT INTO WAREHOUSE (id,name,description,tel,image_id,location_id) VALUES (62,'Donec LLC','et netus et malesuada fames ac turpis egestas. Fusce aliquet','03 30 95 68 49', 1,59);
INSERT INTO WAREHOUSE (id,name,description,tel,image_id,location_id) VALUES (63,'Commodo Industries','justo sit amet nulla. Donec','08 36 96 37 56', 1,76);
INSERT INTO WAREHOUSE (id,name,description,tel,image_id,location_id) VALUES (64,'Non LLP','arcu. Aliquam ultrices iaculis odio. Nam interdum enim non','05 09 11 28 38', 1,35);
INSERT INTO WAREHOUSE (id,name,description,tel,image_id,location_id) VALUES (65,'Aliquam Gravida Mauris Consulting','mauris. Suspendisse aliquet molestie tellus. Aenean egestas hendrerit neque.','09 61 28 31 32', 1,41);
INSERT INTO WAREHOUSE (id,name,description,tel,image_id,location_id) VALUES (66,'Eros Foundation','eleifend egestas. Sed pharetra, felis eget varius ultrices, mauris','05 50 28 43 91', 1,39);
INSERT INTO WAREHOUSE (id,name,description,tel,image_id,location_id) VALUES (67,'Placerat Industries','luctus. Curabitur egestas nunc sed libero. Proin sed turpis nec','09 40 27 09 61', 1,100);
INSERT INTO WAREHOUSE (id,name,description,tel,image_id,location_id) VALUES (68,'Ultrices PC','est. Mauris eu turpis.','03 26 59 84 55', 1,10);
INSERT INTO WAREHOUSE (id,name,description,tel,image_id,location_id) VALUES (69,'Etiam Foundation','odio a purus. Duis elementum, dui quis accumsan convallis,','05 89 45 33 20', 1,67);
INSERT INTO WAREHOUSE (id,name,description,tel,image_id,location_id) VALUES (70,'Sagittis Augue Incorporated','diam. Duis mi enim,','09 05 02 03 59', 1,86);
INSERT INTO WAREHOUSE (id,name,description,tel,image_id,location_id) VALUES (71,'Vitae Odio Sagittis Company','dis parturient montes,','05 90 82 84 33', 1,52);
INSERT INTO WAREHOUSE (id,name,description,tel,image_id,location_id) VALUES (72,'Risus PC','elit, dictum eu, eleifend','09 47 84 54 30', 1,68);
INSERT INTO WAREHOUSE (id,name,description,tel,image_id,location_id) VALUES (73,'Dictum Foundation','leo elementum sem, vitae aliquam eros turpis non enim. Mauris','08 67 40 87 09', 1,8);
INSERT INTO WAREHOUSE (id,name,description,tel,image_id,location_id) VALUES (74,'Ligula Nullam Foundation','nec orci. Donec nibh. Quisque nonummy ipsum non','03 82 86 79 44', 1,24);
INSERT INTO WAREHOUSE (id,name,description,tel,image_id,location_id) VALUES (75,'Velit Justo Associates','nibh. Phasellus','02 11 72 71 03', 1,59);
INSERT INTO WAREHOUSE (id,name,description,tel,image_id,location_id) VALUES (76,'Est Nunc LLP','arcu. Morbi sit amet massa. Quisque porttitor eros nec','04 57 14 15 42', 1,70);
INSERT INTO WAREHOUSE (id,name,description,tel,image_id,location_id) VALUES (77,'Fringilla Industries','risus quis diam luctus lobortis. Class aptent','06 34 64 62 23', 1,96);
INSERT INTO WAREHOUSE (id,name,description,tel,image_id,location_id) VALUES (78,'Duis Sit Amet Incorporated','primis in faucibus orci','04 87 18 34 38', 1,2);
INSERT INTO WAREHOUSE (id,name,description,tel,image_id,location_id) VALUES (79,'Sed Eget Lacus Corporation','Praesent eu nulla at sem','01 06 66 80 88', 1,59);
INSERT INTO WAREHOUSE (id,name,description,tel,image_id,location_id) VALUES (80,'Arcu Vestibulum Corporation','magna nec quam.','09 66 38 94 45', 1,96);
INSERT INTO WAREHOUSE (id,name,description,tel,image_id,location_id) VALUES (81,'Nisi Inc.','mi, ac mattis velit justo nec ante.','08 77 11 71 13', 1,40);
INSERT INTO WAREHOUSE (id,name,description,tel,image_id,location_id) VALUES (82,'Fermentum Convallis Inc.','ipsum. Suspendisse','04 10 03 28 36', 1,28);
INSERT INTO WAREHOUSE (id,name,description,tel,image_id,location_id) VALUES (83,'Fusce Aliquam LLP','a, auctor non, feugiat nec, diam. Duis','05 66 02 23 33', 1,27);
INSERT INTO WAREHOUSE (id,name,description,tel,image_id,location_id) VALUES (84,'Sit Institute','vitae purus gravida','09 51 23 65 25', 1,91);
INSERT INTO WAREHOUSE (id,name,description,tel,image_id,location_id) VALUES (85,'Nec Associates','nulla ante, iaculis nec,','09 08 19 76 90', 1,24);
INSERT INTO WAREHOUSE (id,name,description,tel,image_id,location_id) VALUES (86,'A Limited','imperdiet, erat nonummy ultricies ornare, elit elit','07 93 95 71 05', 1,87);
INSERT INTO WAREHOUSE (id,name,description,tel,image_id,location_id) VALUES (87,'Risus Donec Egestas Inc.','mi. Aliquam gravida mauris ut mi. Duis','07 58 54 83 27', 1,54);
INSERT INTO WAREHOUSE (id,name,description,tel,image_id,location_id) VALUES (88,'Ornare Elit LLP','lacus. Etiam','07 47 45 12 89', 1,8);
INSERT INTO WAREHOUSE (id,name,description,tel,image_id,location_id) VALUES (89,'Nullam Enim Corp.','mauris blandit mattis. Cras eget nisi dictum augue malesuada malesuada.','04 59 26 16 67', 1,6);
INSERT INTO WAREHOUSE (id,name,description,tel,image_id,location_id) VALUES (90,'Vitae Aliquam Ltd','eros. Proin ultrices. Duis','06 46 72 86 95', 1,64);
INSERT INTO WAREHOUSE (id,name,description,tel,image_id,location_id) VALUES (91,'Turpis In PC','Suspendisse aliquet molestie tellus. Aenean egestas hendrerit neque. In ornare','06 48 36 35 74', 1,85);
INSERT INTO WAREHOUSE (id,name,description,tel,image_id,location_id) VALUES (92,'Nunc Corporation','ligula. Aenean gravida nunc sed','03 44 18 51 12', 1,86);
INSERT INTO WAREHOUSE (id,name,description,tel,image_id,location_id) VALUES (93,'Amet Limited','Nulla facilisis. Suspendisse commodo tincidunt nibh. Phasellus nulla.','04 43 84 94 89', 1,15);
INSERT INTO WAREHOUSE (id,name,description,tel,image_id,location_id) VALUES (94,'Diam Associates','Nulla eget','07 15 78 24 80', 1,52);
INSERT INTO WAREHOUSE (id,name,description,tel,image_id,location_id) VALUES (95,'Pede Foundation','vel turpis.','01 89 91 55 56', 1,51);
INSERT INTO WAREHOUSE (id,name,description,tel,image_id,location_id) VALUES (96,'Neque Venenatis Lacus Associates','metus eu erat semper rutrum. Fusce dolor quam,','02 01 34 78 35', 1,52);
INSERT INTO WAREHOUSE (id,name,description,tel,image_id,location_id) VALUES (97,'Purus Corporation','natoque penatibus et magnis dis parturient montes, nascetur','08 77 58 95 89', 1,54);
INSERT INTO WAREHOUSE (id,name,description,tel,image_id,location_id) VALUES (98,'Tincidunt Pede Inc.','varius ultrices, mauris ipsum porta elit, a feugiat','04 04 26 16 38', 1,22);
INSERT INTO WAREHOUSE (id,name,description,tel,image_id,location_id) VALUES (99,'Donec Elementum Consulting','cubilia Curae; Donec tincidunt.','01 03 65 02 33', 1,72);
INSERT INTO WAREHOUSE (id,name,description,tel,image_id,location_id) VALUES (100,'Nec Corp.','egestas a, scelerisque sed, sapien.','03 35 35 28 26', 1,13);

--STOCK TABLE--
INSERT INTO STOCK (id,name,description,quantity_init,quantity_remaining,price_unit,on_sale_date,expiry_date,bio,available,image_id,product_type_id,holding_id,seller_id,warehouse_id) VALUES (1,'myrtille alsacienne','vulputate mauris sagittis',379,33,38,'2018-01-29','2018-10-02','false','true', 1,1,39,15,56);
INSERT INTO STOCK (id,name,description,quantity_init,quantity_remaining,price_unit,on_sale_date,expiry_date,bio,available,image_id,product_type_id,holding_id,seller_id,warehouse_id) VALUES (2,'myrtille alsacienne','vehicula et,',98,58,17,'2018-06-03','2018-10-15','false','true', 1,1,78,30,4);
INSERT INTO STOCK (id,name,description,quantity_init,quantity_remaining,price_unit,on_sale_date,expiry_date,bio,available,image_id,product_type_id,holding_id,seller_id,warehouse_id) VALUES (3,'ananas cendré','tortor, dictum eu, placerat eget, venenatis a, magna. Lorem ipsum',17,88,80,'2018-04-11','2019-03-31','true','true', 1,10,68,9,80);
INSERT INTO STOCK (id,name,description,quantity_init,quantity_remaining,price_unit,on_sale_date,expiry_date,bio,available,image_id,product_type_id,holding_id,seller_id,warehouse_id) VALUES (4,'pomme de terre asiatique','Etiam gravida molestie arcu. Sed eu nibh vulputate mauris',113,41,67,'2018-05-08','2019-03-30','false','false', 1,12,77,28,44);
INSERT INTO STOCK (id,name,description,quantity_init,quantity_remaining,price_unit,on_sale_date,expiry_date,bio,available,image_id,product_type_id,holding_id,seller_id,warehouse_id) VALUES (5,'mangue savoyarde','lobortis augue scelerisque mollis. Phasellus libero',555,59,39,'2018-05-12','2019-05-12','true','true', 1,2,37,8,7);
INSERT INTO STOCK (id,name,description,quantity_init,quantity_remaining,price_unit,on_sale_date,expiry_date,bio,available,image_id,product_type_id,holding_id,seller_id,warehouse_id) VALUES (6,'riz pilaf ','Donec egestas. Duis ac arcu.',300,67,91,'2018-11-07','2019-03-26','true','true', 1,12,6,20,1);
INSERT INTO STOCK (id,name,description,quantity_init,quantity_remaining,price_unit,on_sale_date,expiry_date,bio,available,image_id,product_type_id,holding_id,seller_id,warehouse_id) VALUES (7,'veau marengo','ridiculus mus. Proin vel',287,43,22,'2018-03-27','2019-07-17','false','false', 1,12,55,39,6);
INSERT INTO STOCK (id,name,description,quantity_init,quantity_remaining,price_unit,on_sale_date,expiry_date,bio,available,image_id,product_type_id,holding_id,seller_id,warehouse_id) VALUES (8,'veau marengo','massa. Mauris vestibulum, neque sed dictum',320,8,22,'2018-04-26','2019-02-02','true','false', 1,6,92,8,82);
INSERT INTO STOCK (id,name,description,quantity_init,quantity_remaining,price_unit,on_sale_date,expiry_date,bio,available,image_id,product_type_id,holding_id,seller_id,warehouse_id) VALUES (9,'papaya de chez stephanie','pretium et, rutrum non, hendrerit id, ante. Nunc mauris sapien,',827,55,77,'2018-06-26','2019-07-04','true','false', 1,2,32,9,14);
INSERT INTO STOCK (id,name,description,quantity_init,quantity_remaining,price_unit,on_sale_date,expiry_date,bio,available,image_id,product_type_id,holding_id,seller_id,warehouse_id) VALUES (10,'pomme de terre asiatique','urna. Nullam lobortis quam a felis ullamcorper viverra. Maecenas iaculis',864,6,23,'2018-02-04','2018-12-07','false','true', 1,3,83,20,62);
INSERT INTO STOCK (id,name,description,quantity_init,quantity_remaining,price_unit,on_sale_date,expiry_date,bio,available,image_id,product_type_id,holding_id,seller_id,warehouse_id) VALUES (11,'calamar croustillant','dolor sit amet,',483,52,61,'2018-05-18','2019-02-03','false','true', 1,9,52,14,2);
INSERT INTO STOCK (id,name,description,quantity_init,quantity_remaining,price_unit,on_sale_date,expiry_date,bio,available,image_id,product_type_id,holding_id,seller_id,warehouse_id) VALUES (12,'ananas cendré','nec ante blandit viverra. Donec tempus,',714,79,61,'2018-02-09','2019-07-20','true','false', 1,3,65,31,37);
INSERT INTO STOCK (id,name,description,quantity_init,quantity_remaining,price_unit,on_sale_date,expiry_date,bio,available,image_id,product_type_id,holding_id,seller_id,warehouse_id) VALUES (13,'papaya de chez stephanie','magna. Lorem ipsum dolor sit amet, consectetuer',16,70,67,'2018-08-24','2019-03-05','true','false', 1,8,56,37,20);
INSERT INTO STOCK (id,name,description,quantity_init,quantity_remaining,price_unit,on_sale_date,expiry_date,bio,available,image_id,product_type_id,holding_id,seller_id,warehouse_id) VALUES (14,'mangue savoyarde','montes, nascetur',702,52,43,'2018-02-18','2018-10-04','false','false', 1,8,2,16,31);
INSERT INTO STOCK (id,name,description,quantity_init,quantity_remaining,price_unit,on_sale_date,expiry_date,bio,available,image_id,product_type_id,holding_id,seller_id,warehouse_id) VALUES (15,'veau marengo','senectus',678,4,43,'2018-02-25','2018-12-20','false','false', 1,1,39,20,73);
INSERT INTO STOCK (id,name,description,quantity_init,quantity_remaining,price_unit,on_sale_date,expiry_date,bio,available,image_id,product_type_id,holding_id,seller_id,warehouse_id) VALUES (16,'brocoli du nord','eget,',493,85,32,'2018-03-03','2018-11-12','true','true', 1,7,3,18,96);
INSERT INTO STOCK (id,name,description,quantity_init,quantity_remaining,price_unit,on_sale_date,expiry_date,bio,available,image_id,product_type_id,holding_id,seller_id,warehouse_id) VALUES (17,'ananas cendré','ac risus. Morbi metus. Vivamus euismod urna. Nullam lobortis quam',117,1,47,'2018-04-25','2019-05-20','true','false', 1,11,73,18,10);
INSERT INTO STOCK (id,name,description,quantity_init,quantity_remaining,price_unit,on_sale_date,expiry_date,bio,available,image_id,product_type_id,holding_id,seller_id,warehouse_id) VALUES (18,'riz pilaf ','eu dui. Cum',9,98,7,'2018-02-01','2019-05-10','true','true', 1,3,55,21,90);
INSERT INTO STOCK (id,name,description,quantity_init,quantity_remaining,price_unit,on_sale_date,expiry_date,bio,available,image_id,product_type_id,holding_id,seller_id,warehouse_id) VALUES (19,'poulet bordelais','vulputate, risus a ultricies',684,78,39,'2018-10-28','2019-05-29','true','true', 1,9,22,24,72);
INSERT INTO STOCK (id,name,description,quantity_init,quantity_remaining,price_unit,on_sale_date,expiry_date,bio,available,image_id,product_type_id,holding_id,seller_id,warehouse_id) VALUES (20,'calamar croustillant','arcu. Sed et libero. Proin',547,39,64,'2018-03-15','2019-03-21','true','false', 1,4,64,25,59);
INSERT INTO STOCK (id,name,description,quantity_init,quantity_remaining,price_unit,on_sale_date,expiry_date,bio,available,image_id,product_type_id,holding_id,seller_id,warehouse_id) VALUES (21,'calamar croustillant','ornare, libero at auctor ullamcorper,',371,30,72,'2018-07-16','2018-11-08','false','false', 1,9,1,35,10);
INSERT INTO STOCK (id,name,description,quantity_init,quantity_remaining,price_unit,on_sale_date,expiry_date,bio,available,image_id,product_type_id,holding_id,seller_id,warehouse_id) VALUES (22,'riz pilaf ','magna, malesuada vel, convallis in,',405,97,40,'2018-02-01','2019-06-19','false','true', 1,11,70,15,65);
INSERT INTO STOCK (id,name,description,quantity_init,quantity_remaining,price_unit,on_sale_date,expiry_date,bio,available,image_id,product_type_id,holding_id,seller_id,warehouse_id) VALUES (23,'papaya de chez stephanie','massa. Mauris vestibulum,',140,78,81,'2018-05-13','2019-05-16','false','false', 1,12,29,13,88);
INSERT INTO STOCK (id,name,description,quantity_init,quantity_remaining,price_unit,on_sale_date,expiry_date,bio,available,image_id,product_type_id,holding_id,seller_id,warehouse_id) VALUES (24,'pâtes rigate','pede. Suspendisse dui. Fusce diam nunc, ullamcorper eu,',65,29,63,'2018-11-18','2019-05-09','true','true', 1,12,49,40,2);
INSERT INTO STOCK (id,name,description,quantity_init,quantity_remaining,price_unit,on_sale_date,expiry_date,bio,available,image_id,product_type_id,holding_id,seller_id,warehouse_id) VALUES (25,'veau marengo','eget magna. Suspendisse',175,18,39,'2018-05-02','2018-11-19','false','false', 1,10,69,37,7);
INSERT INTO STOCK (id,name,description,quantity_init,quantity_remaining,price_unit,on_sale_date,expiry_date,bio,available,image_id,product_type_id,holding_id,seller_id,warehouse_id) VALUES (26,'papaya de chez stephanie','velit. Quisque varius.',555,26,13,'2018-02-03','2018-11-18','false','false', 1,12,76,27,12);
INSERT INTO STOCK (id,name,description,quantity_init,quantity_remaining,price_unit,on_sale_date,expiry_date,bio,available,image_id,product_type_id,holding_id,seller_id,warehouse_id) VALUES (27,'ananas cendré','litora torquent',903,94,9,'2018-05-22','2018-12-20','false','true', 1,4,4,8,74);
INSERT INTO STOCK (id,name,description,quantity_init,quantity_remaining,price_unit,on_sale_date,expiry_date,bio,available,image_id,product_type_id,holding_id,seller_id,warehouse_id) VALUES (28,'myrtille alsacienne','Aliquam erat volutpat. Nulla facilisis. Suspendisse commodo',793,16,88,'2018-01-02','2019-03-16','true','false', 1,2,73,36,49);
INSERT INTO STOCK (id,name,description,quantity_init,quantity_remaining,price_unit,on_sale_date,expiry_date,bio,available,image_id,product_type_id,holding_id,seller_id,warehouse_id) VALUES (29,'ananas cendré','sagittis lobortis',114,36,26,'2018-05-28','2019-05-02','false','true', 1,4,28,29,24);
INSERT INTO STOCK (id,name,description,quantity_init,quantity_remaining,price_unit,on_sale_date,expiry_date,bio,available,image_id,product_type_id,holding_id,seller_id,warehouse_id) VALUES (30,'mangue savoyarde','nec quam. Curabitur vel lectus. Cum sociis natoque',694,44,72,'2018-07-01','2019-01-20','true','true', 1,2,89,29,3);
INSERT INTO STOCK (id,name,description,quantity_init,quantity_remaining,price_unit,on_sale_date,expiry_date,bio,available,image_id,product_type_id,holding_id,seller_id,warehouse_id) VALUES (31,'papaya de chez stephanie','montes, nascetur',52,21,83,'2018-02-02','2018-10-07','true','false', 1,10,29,38,71);
INSERT INTO STOCK (id,name,description,quantity_init,quantity_remaining,price_unit,on_sale_date,expiry_date,bio,available,image_id,product_type_id,holding_id,seller_id,warehouse_id) VALUES (32,'riz pilaf ','Mauris nulla. Integer urna.',954,51,44,'2018-08-12','2019-01-29','false','true', 1,11,61,16,93);
INSERT INTO STOCK (id,name,description,quantity_init,quantity_remaining,price_unit,on_sale_date,expiry_date,bio,available,image_id,product_type_id,holding_id,seller_id,warehouse_id) VALUES (33,'veau marengo','auctor. Mauris vel',684,96,23,'2018-11-04','2019-04-18','false','true', 1,9,36,24,56);
INSERT INTO STOCK (id,name,description,quantity_init,quantity_remaining,price_unit,on_sale_date,expiry_date,bio,available,image_id,product_type_id,holding_id,seller_id,warehouse_id) VALUES (34,'riz pilaf ','ornare placerat, orci lacus vestibulum lorem, sit amet ultricies sem',885,6,77,'2018-09-18','2018-11-06','false','true', 1,6,52,33,3);
INSERT INTO STOCK (id,name,description,quantity_init,quantity_remaining,price_unit,on_sale_date,expiry_date,bio,available,image_id,product_type_id,holding_id,seller_id,warehouse_id) VALUES (35,'papaya de chez stephanie','leo. Cras vehicula aliquet libero. Integer in magna.',975,58,1,'2018-01-31','2019-02-12','false','false', 1,10,18,33,45);
INSERT INTO STOCK (id,name,description,quantity_init,quantity_remaining,price_unit,on_sale_date,expiry_date,bio,available,image_id,product_type_id,holding_id,seller_id,warehouse_id) VALUES (36,'calamar croustillant','elit. Nulla facilisi. Sed neque. Sed eget',656,60,26,'2018-08-03','2019-01-09','false','false', 1,11,6,18,20);
INSERT INTO STOCK (id,name,description,quantity_init,quantity_remaining,price_unit,on_sale_date,expiry_date,bio,available,image_id,product_type_id,holding_id,seller_id,warehouse_id) VALUES (37,'carrote du vercors','vitae, orci. Phasellus dapibus quam quis diam. Pellentesque habitant morbi',382,98,34,'2018-08-25','2018-12-04','false','true', 1,3,35,29,4);
INSERT INTO STOCK (id,name,description,quantity_init,quantity_remaining,price_unit,on_sale_date,expiry_date,bio,available,image_id,product_type_id,holding_id,seller_id,warehouse_id) VALUES (38,'papaya de chez stephanie','adipiscing elit. Curabitur sed tortor. Integer aliquam adipiscing lacus. Ut',75,94,18,'2018-11-09','2019-02-27','false','true', 1,12,39,24,71);
INSERT INTO STOCK (id,name,description,quantity_init,quantity_remaining,price_unit,on_sale_date,expiry_date,bio,available,image_id,product_type_id,holding_id,seller_id,warehouse_id) VALUES (39,'pâtes rigate','in felis. Nulla tempor augue',315,33,29,'2018-06-24','2019-01-22','false','true', 1,9,9,30,6);
INSERT INTO STOCK (id,name,description,quantity_init,quantity_remaining,price_unit,on_sale_date,expiry_date,bio,available,image_id,product_type_id,holding_id,seller_id,warehouse_id) VALUES (40,'ananas cendré','ac libero nec ligula consectetuer rhoncus. Nullam velit',863,86,99,'2018-05-03','2019-04-27','false','true', 1,6,64,40,96);
INSERT INTO STOCK (id,name,description,quantity_init,quantity_remaining,price_unit,on_sale_date,expiry_date,bio,available,image_id,product_type_id,holding_id,seller_id,warehouse_id) VALUES (41,'calamar croustillant','eleifend nec, malesuada ut, sem. Nulla interdum.',78,36,11,'2018-02-14','2019-02-12','true','true', 1,10,84,15,78);
INSERT INTO STOCK (id,name,description,quantity_init,quantity_remaining,price_unit,on_sale_date,expiry_date,bio,available,image_id,product_type_id,holding_id,seller_id,warehouse_id) VALUES (42,'papaya de chez stephanie','rhoncus. Donec est. Nunc ullamcorper, velit',859,52,67,'2018-03-13','2018-10-13','false','true', 1,4,42,40,88);
INSERT INTO STOCK (id,name,description,quantity_init,quantity_remaining,price_unit,on_sale_date,expiry_date,bio,available,image_id,product_type_id,holding_id,seller_id,warehouse_id) VALUES (43,'pomme de terre asiatique','lorem fringilla ornare',399,15,17,'2018-06-12','2019-03-07','true','true', 1,4,32,38,38);
INSERT INTO STOCK (id,name,description,quantity_init,quantity_remaining,price_unit,on_sale_date,expiry_date,bio,available,image_id,product_type_id,holding_id,seller_id,warehouse_id) VALUES (44,'myrtille alsacienne','scelerisque neque',990,17,44,'2018-08-29','2019-05-22','false','false', 1,9,18,20,12);
INSERT INTO STOCK (id,name,description,quantity_init,quantity_remaining,price_unit,on_sale_date,expiry_date,bio,available,image_id,product_type_id,holding_id,seller_id,warehouse_id) VALUES (45,'veau marengo','massa. Quisque porttitor eros nec tellus. Nunc lectus',442,56,53,'2018-01-10','2018-10-28','true','true', 1,5,15,14,69);
INSERT INTO STOCK (id,name,description,quantity_init,quantity_remaining,price_unit,on_sale_date,expiry_date,bio,available,image_id,product_type_id,holding_id,seller_id,warehouse_id) VALUES (46,'carrote du vercors','eleifend egestas. Sed pharetra,',325,39,17,'2018-05-03','2019-02-03','true','false', 1,10,29,23,9);
INSERT INTO STOCK (id,name,description,quantity_init,quantity_remaining,price_unit,on_sale_date,expiry_date,bio,available,image_id,product_type_id,holding_id,seller_id,warehouse_id) VALUES (47,'mangue savoyarde','lorem, vehicula et, rutrum eu, ultrices sit amet,',570,97,8,'2018-07-13','2019-01-21','false','true', 1,4,46,21,37);
INSERT INTO STOCK (id,name,description,quantity_init,quantity_remaining,price_unit,on_sale_date,expiry_date,bio,available,image_id,product_type_id,holding_id,seller_id,warehouse_id) VALUES (48,'poulet bordelais','varius ultrices, mauris ipsum',911,30,19,'2018-07-13','2019-07-22','true','true', 1,10,56,30,78);
INSERT INTO STOCK (id,name,description,quantity_init,quantity_remaining,price_unit,on_sale_date,expiry_date,bio,available,image_id,product_type_id,holding_id,seller_id,warehouse_id) VALUES (49,'myrtille alsacienne','nunc sed',342,78,96,'2018-03-08','2018-11-18','false','false', 1,7,95,38,13);
INSERT INTO STOCK (id,name,description,quantity_init,quantity_remaining,price_unit,on_sale_date,expiry_date,bio,available,image_id,product_type_id,holding_id,seller_id,warehouse_id) VALUES (50,'veau marengo','ultricies sem magna nec quam. Curabitur vel lectus. Cum',789,44,82,'2018-05-25','2019-04-06','true','true', 1,7,1,36,41);
INSERT INTO STOCK (id,name,description,quantity_init,quantity_remaining,price_unit,on_sale_date,expiry_date,bio,available,image_id,product_type_id,holding_id,seller_id,warehouse_id) VALUES (51,'pomme de terre asiatique','adipiscing lacus. Ut nec',647,39,43,'2018-05-13','2018-11-19','false','false', 1,12,28,23,57);
INSERT INTO STOCK (id,name,description,quantity_init,quantity_remaining,price_unit,on_sale_date,expiry_date,bio,available,image_id,product_type_id,holding_id,seller_id,warehouse_id) VALUES (52,'veau marengo','iaculis',877,72,26,'2018-07-17','2018-12-20','false','true', 1,8,87,9,37);
INSERT INTO STOCK (id,name,description,quantity_init,quantity_remaining,price_unit,on_sale_date,expiry_date,bio,available,image_id,product_type_id,holding_id,seller_id,warehouse_id) VALUES (53,'pomme de terre asiatique','mauris, rhoncus id, mollis nec, cursus',769,38,75,'2018-09-23','2018-12-02','true','true', 1,3,53,38,81);
INSERT INTO STOCK (id,name,description,quantity_init,quantity_remaining,price_unit,on_sale_date,expiry_date,bio,available,image_id,product_type_id,holding_id,seller_id,warehouse_id) VALUES (54,'ananas cendré','vestibulum lorem, sit amet ultricies sem magna nec quam.',866,5,74,'2018-10-13','2019-04-16','false','true', 1,6,54,14,49);
INSERT INTO STOCK (id,name,description,quantity_init,quantity_remaining,price_unit,on_sale_date,expiry_date,bio,available,image_id,product_type_id,holding_id,seller_id,warehouse_id) VALUES (55,'pomme de terre asiatique','faucibus orci luctus et ultrices posuere cubilia',448,28,14,'2018-11-24','2019-01-13','true','true', 1,4,10,20,66);
INSERT INTO STOCK (id,name,description,quantity_init,quantity_remaining,price_unit,on_sale_date,expiry_date,bio,available,image_id,product_type_id,holding_id,seller_id,warehouse_id) VALUES (56,'ananas cendré','nunc risus',885,7,90,'2018-02-11','2018-12-14','false','false', 1,1,30,14,89);
INSERT INTO STOCK (id,name,description,quantity_init,quantity_remaining,price_unit,on_sale_date,expiry_date,bio,available,image_id,product_type_id,holding_id,seller_id,warehouse_id) VALUES (57,'riz pilaf ','orci, adipiscing non, luctus sit amet, faucibus ut, nulla. Cras',682,56,74,'2018-10-15','2019-06-09','true','false', 1,5,77,31,1);
INSERT INTO STOCK (id,name,description,quantity_init,quantity_remaining,price_unit,on_sale_date,expiry_date,bio,available,image_id,product_type_id,holding_id,seller_id,warehouse_id) VALUES (58,'pomme de terre asiatique','lacinia orci, consectetuer',89,59,66,'2018-10-15','2019-06-05','false','false', 1,11,15,30,81);
INSERT INTO STOCK (id,name,description,quantity_init,quantity_remaining,price_unit,on_sale_date,expiry_date,bio,available,image_id,product_type_id,holding_id,seller_id,warehouse_id) VALUES (59,'mangue savoyarde','ante dictum mi, ac mattis velit justo',365,41,17,'2018-07-19','2019-01-02','false','true', 1,12,52,12,91);
INSERT INTO STOCK (id,name,description,quantity_init,quantity_remaining,price_unit,on_sale_date,expiry_date,bio,available,image_id,product_type_id,holding_id,seller_id,warehouse_id) VALUES (60,'carrote du vercors','vulputate',632,8,20,'2018-02-05','2018-12-20','true','true', 1,3,100,29,28);
INSERT INTO STOCK (id,name,description,quantity_init,quantity_remaining,price_unit,on_sale_date,expiry_date,bio,available,image_id,product_type_id,holding_id,seller_id,warehouse_id) VALUES (61,'pâtes rigate','Pellentesque ut ipsum ac',133,73,86,'2018-09-17','2019-02-12','false','false', 1,1,70,16,57);
INSERT INTO STOCK (id,name,description,quantity_init,quantity_remaining,price_unit,on_sale_date,expiry_date,bio,available,image_id,product_type_id,holding_id,seller_id,warehouse_id) VALUES (62,'ananas cendré','euismod est arcu ac orci. Ut semper pretium neque. Morbi',818,84,18,'2018-02-13','2019-07-09','true','true', 1,5,7,23,53);
INSERT INTO STOCK (id,name,description,quantity_init,quantity_remaining,price_unit,on_sale_date,expiry_date,bio,available,image_id,product_type_id,holding_id,seller_id,warehouse_id) VALUES (63,'myrtille alsacienne','est ac mattis semper, dui',588,40,44,'2018-02-06','2018-12-14','true','false', 1,3,61,13,72);
INSERT INTO STOCK (id,name,description,quantity_init,quantity_remaining,price_unit,on_sale_date,expiry_date,bio,available,image_id,product_type_id,holding_id,seller_id,warehouse_id) VALUES (64,'brocoli du nord','sem molestie sodales. Mauris blandit enim',641,57,68,'2018-04-13','2019-07-05','true','false', 1,8,46,27,60);
INSERT INTO STOCK (id,name,description,quantity_init,quantity_remaining,price_unit,on_sale_date,expiry_date,bio,available,image_id,product_type_id,holding_id,seller_id,warehouse_id) VALUES (65,'brocoli du nord','neque sed dictum eleifend,',245,57,42,'2018-08-15','2019-03-01','false','true', 1,6,33,31,10);
INSERT INTO STOCK (id,name,description,quantity_init,quantity_remaining,price_unit,on_sale_date,expiry_date,bio,available,image_id,product_type_id,holding_id,seller_id,warehouse_id) VALUES (66,'riz pilaf ','lectus sit amet luctus vulputate, nisi sem',877,17,41,'2018-10-28','2019-06-20','false','false', 1,10,42,14,89);
INSERT INTO STOCK (id,name,description,quantity_init,quantity_remaining,price_unit,on_sale_date,expiry_date,bio,available,image_id,product_type_id,holding_id,seller_id,warehouse_id) VALUES (67,'veau marengo','urna.',680,16,65,'2018-01-08','2019-01-22','false','true', 1,5,2,17,30);
INSERT INTO STOCK (id,name,description,quantity_init,quantity_remaining,price_unit,on_sale_date,expiry_date,bio,available,image_id,product_type_id,holding_id,seller_id,warehouse_id) VALUES (68,'poulet bordelais','felis purus ac tellus. Suspendisse sed',769,49,34,'2018-11-28','2019-01-06','true','true', 1,4,62,38,34);
INSERT INTO STOCK (id,name,description,quantity_init,quantity_remaining,price_unit,on_sale_date,expiry_date,bio,available,image_id,product_type_id,holding_id,seller_id,warehouse_id) VALUES (69,'pomme de terre asiatique','nec,',118,39,22,'2018-01-25','2018-11-30','false','false', 1,4,41,8,79);
INSERT INTO STOCK (id,name,description,quantity_init,quantity_remaining,price_unit,on_sale_date,expiry_date,bio,available,image_id,product_type_id,holding_id,seller_id,warehouse_id) VALUES (70,'riz pilaf ','sed dui. Fusce aliquam, enim nec tempus',417,25,67,'2018-08-14','2019-07-20','true','true', 1,1,83,20,97);
INSERT INTO STOCK (id,name,description,quantity_init,quantity_remaining,price_unit,on_sale_date,expiry_date,bio,available,image_id,product_type_id,holding_id,seller_id,warehouse_id) VALUES (71,'brocoli du nord','nonummy',554,87,17,'2018-09-19','2018-12-11','true','false', 1,2,20,31,55);
INSERT INTO STOCK (id,name,description,quantity_init,quantity_remaining,price_unit,on_sale_date,expiry_date,bio,available,image_id,product_type_id,holding_id,seller_id,warehouse_id) VALUES (72,'brocoli du nord','ac mi eleifend egestas. Sed pharetra, felis eget varius ultrices,',711,11,13,'2018-10-10','2019-07-12','true','false', 1,1,26,32,98);
INSERT INTO STOCK (id,name,description,quantity_init,quantity_remaining,price_unit,on_sale_date,expiry_date,bio,available,image_id,product_type_id,holding_id,seller_id,warehouse_id) VALUES (73,'papaya de chez stephanie','Ut',317,98,65,'2018-02-05','2019-03-29','false','false', 1,12,35,9,44);
INSERT INTO STOCK (id,name,description,quantity_init,quantity_remaining,price_unit,on_sale_date,expiry_date,bio,available,image_id,product_type_id,holding_id,seller_id,warehouse_id) VALUES (74,'myrtille alsacienne','in, hendrerit',604,42,44,'2018-06-28','2019-03-26','false','false', 1,11,62,8,16);
INSERT INTO STOCK (id,name,description,quantity_init,quantity_remaining,price_unit,on_sale_date,expiry_date,bio,available,image_id,product_type_id,holding_id,seller_id,warehouse_id) VALUES (75,'veau marengo','Nullam ut nisi a odio semper cursus. Integer mollis. Integer',541,83,76,'2018-09-16','2018-10-14','true','false', 1,8,78,33,98);
INSERT INTO STOCK (id,name,description,quantity_init,quantity_remaining,price_unit,on_sale_date,expiry_date,bio,available,image_id,product_type_id,holding_id,seller_id,warehouse_id) VALUES (76,'carrote du vercors','egestas. Duis ac arcu. Nunc mauris. Morbi non sapien',429,70,46,'2018-04-27','2019-06-03','false','true', 1,4,49,20,21);
INSERT INTO STOCK (id,name,description,quantity_init,quantity_remaining,price_unit,on_sale_date,expiry_date,bio,available,image_id,product_type_id,holding_id,seller_id,warehouse_id) VALUES (77,'pomme de terre asiatique','Fusce fermentum fermentum arcu.',324,77,79,'2018-07-23','2019-04-10','true','false', 1,12,28,33,73);
INSERT INTO STOCK (id,name,description,quantity_init,quantity_remaining,price_unit,on_sale_date,expiry_date,bio,available,image_id,product_type_id,holding_id,seller_id,warehouse_id) VALUES (78,'carrote du vercors','torquent per conubia nostra, per inceptos hymenaeos. Mauris ut',773,67,55,'2018-10-01','2019-01-14','false','true', 1,11,55,14,5);
INSERT INTO STOCK (id,name,description,quantity_init,quantity_remaining,price_unit,on_sale_date,expiry_date,bio,available,image_id,product_type_id,holding_id,seller_id,warehouse_id) VALUES (79,'calamar croustillant','luctus lobortis. Class aptent taciti sociosqu ad litora torquent per',249,84,89,'2018-10-05','2019-06-09','false','false', 1,11,5,34,48);
INSERT INTO STOCK (id,name,description,quantity_init,quantity_remaining,price_unit,on_sale_date,expiry_date,bio,available,image_id,product_type_id,holding_id,seller_id,warehouse_id) VALUES (80,'papaya de chez stephanie','enim, gravida sit amet,',867,51,19,'2018-05-04','2019-03-03','true','false', 1,6,16,26,66);
INSERT INTO STOCK (id,name,description,quantity_init,quantity_remaining,price_unit,on_sale_date,expiry_date,bio,available,image_id,product_type_id,holding_id,seller_id,warehouse_id) VALUES (81,'poulet bordelais','ornare lectus justo eu arcu. Morbi',480,6,100,'2018-08-17','2019-04-22','false','false', 1,6,5,9,3);
INSERT INTO STOCK (id,name,description,quantity_init,quantity_remaining,price_unit,on_sale_date,expiry_date,bio,available,image_id,product_type_id,holding_id,seller_id,warehouse_id) VALUES (82,'mangue savoyarde','posuere cubilia Curae;',524,26,93,'2018-02-09','2019-07-24','true','false', 1,9,14,28,80);
INSERT INTO STOCK (id,name,description,quantity_init,quantity_remaining,price_unit,on_sale_date,expiry_date,bio,available,image_id,product_type_id,holding_id,seller_id,warehouse_id) VALUES (83,'mangue savoyarde','ac, feugiat non,',858,52,76,'2018-09-01','2018-12-07','false','true', 1,2,48,21,49);
INSERT INTO STOCK (id,name,description,quantity_init,quantity_remaining,price_unit,on_sale_date,expiry_date,bio,available,image_id,product_type_id,holding_id,seller_id,warehouse_id) VALUES (84,'pomme de terre asiatique','vel',178,8,62,'2018-02-09','2019-06-05','true','false', 1,10,62,21,51);
INSERT INTO STOCK (id,name,description,quantity_init,quantity_remaining,price_unit,on_sale_date,expiry_date,bio,available,image_id,product_type_id,holding_id,seller_id,warehouse_id) VALUES (85,'mangue savoyarde','Class aptent taciti sociosqu ad litora',630,98,26,'2018-10-12','2019-02-22','false','true', 1,9,17,24,51);
INSERT INTO STOCK (id,name,description,quantity_init,quantity_remaining,price_unit,on_sale_date,expiry_date,bio,available,image_id,product_type_id,holding_id,seller_id,warehouse_id) VALUES (86,'ananas cendré','risus. Donec egestas. Aliquam nec enim. Nunc',995,60,48,'2018-01-14','2018-11-20','false','true', 1,7,82,27,25);
INSERT INTO STOCK (id,name,description,quantity_init,quantity_remaining,price_unit,on_sale_date,expiry_date,bio,available,image_id,product_type_id,holding_id,seller_id,warehouse_id) VALUES (87,'riz pilaf ','Pellentesque habitant morbi tristique',518,75,100,'2018-06-08','2019-04-29','true','true', 1,2,67,20,32);
INSERT INTO STOCK (id,name,description,quantity_init,quantity_remaining,price_unit,on_sale_date,expiry_date,bio,available,image_id,product_type_id,holding_id,seller_id,warehouse_id) VALUES (88,'carrote du vercors','ac nulla. In tincidunt congue turpis.',506,82,51,'2018-08-21','2019-06-24','false','false', 1,8,53,20,40);
INSERT INTO STOCK (id,name,description,quantity_init,quantity_remaining,price_unit,on_sale_date,expiry_date,bio,available,image_id,product_type_id,holding_id,seller_id,warehouse_id) VALUES (89,'veau marengo','enim. Etiam imperdiet dictum magna. Ut',143,79,82,'2018-11-28','2019-05-16','false','false', 1,8,69,30,100);
INSERT INTO STOCK (id,name,description,quantity_init,quantity_remaining,price_unit,on_sale_date,expiry_date,bio,available,image_id,product_type_id,holding_id,seller_id,warehouse_id) VALUES (90,'pomme de terre asiatique','orci. Phasellus',519,95,8,'2018-03-29','2018-11-21','true','true', 1,6,81,34,12);
INSERT INTO STOCK (id,name,description,quantity_init,quantity_remaining,price_unit,on_sale_date,expiry_date,bio,available,image_id,product_type_id,holding_id,seller_id,warehouse_id) VALUES (91,'papaya de chez stephanie','Nulla tempor augue ac ipsum. Phasellus vitae mauris sit',496,16,74,'2018-10-02','2018-11-18','true','true', 1,9,48,26,69);
INSERT INTO STOCK (id,name,description,quantity_init,quantity_remaining,price_unit,on_sale_date,expiry_date,bio,available,image_id,product_type_id,holding_id,seller_id,warehouse_id) VALUES (92,'pomme de terre asiatique','Vestibulum',27,36,20,'2018-01-04','2019-03-14','true','false', 1,7,92,17,65);
INSERT INTO STOCK (id,name,description,quantity_init,quantity_remaining,price_unit,on_sale_date,expiry_date,bio,available,image_id,product_type_id,holding_id,seller_id,warehouse_id) VALUES (93,'poulet bordelais','pellentesque',624,11,36,'2018-10-15','2018-10-08','false','false', 1,9,79,18,17);
INSERT INTO STOCK (id,name,description,quantity_init,quantity_remaining,price_unit,on_sale_date,expiry_date,bio,available,image_id,product_type_id,holding_id,seller_id,warehouse_id) VALUES (94,'riz pilaf ','elit fermentum risus, at fringilla purus',493,37,32,'2018-08-24','2019-01-11','true','false', 1,3,37,15,26);
INSERT INTO STOCK (id,name,description,quantity_init,quantity_remaining,price_unit,on_sale_date,expiry_date,bio,available,image_id,product_type_id,holding_id,seller_id,warehouse_id) VALUES (95,'mangue savoyarde','posuere, enim',486,9,34,'2018-05-28','2018-12-24','true','true', 1,12,21,35,27);
INSERT INTO STOCK (id,name,description,quantity_init,quantity_remaining,price_unit,on_sale_date,expiry_date,bio,available,image_id,product_type_id,holding_id,seller_id,warehouse_id) VALUES (96,'pâtes rigate','Praesent eu nulla at',692,26,5,'2018-06-13','2018-12-31','true','true', 1,8,33,7,32);
INSERT INTO STOCK (id,name,description,quantity_init,quantity_remaining,price_unit,on_sale_date,expiry_date,bio,available,image_id,product_type_id,holding_id,seller_id,warehouse_id) VALUES (97,'mangue savoyarde','Curabitur vel lectus. Cum sociis natoque penatibus et',48,78,47,'2018-11-01','2018-11-04','true','false', 1,1,9,24,78);
INSERT INTO STOCK (id,name,description,quantity_init,quantity_remaining,price_unit,on_sale_date,expiry_date,bio,available,image_id,product_type_id,holding_id,seller_id,warehouse_id) VALUES (98,'myrtille alsacienne','eget ipsum. Suspendisse sagittis. Nullam vitae diam.',994,75,25,'2018-02-19','2019-05-17','false','true', 1,8,27,20,19);
INSERT INTO STOCK (id,name,description,quantity_init,quantity_remaining,price_unit,on_sale_date,expiry_date,bio,available,image_id,product_type_id,holding_id,seller_id,warehouse_id) VALUES (99,'pâtes rigate','velit. Quisque varius. Nam porttitor scelerisque neque. Nullam nisl.',282,32,95,'2018-04-04','2019-04-23','true','false', 1,12,12,11,81);
INSERT INTO STOCK (id,name,description,quantity_init,quantity_remaining,price_unit,on_sale_date,expiry_date,bio,available,image_id,product_type_id,holding_id,seller_id,warehouse_id) VALUES (100,'papaya de chez stephanie','ullamcorper eu, euismod ac, fermentum vel, mauris. Integer sem elit,',700,93,15,'2018-02-10','2019-02-21','true','true', 1,1,19,18,54);

--PURCHASE TABLE--
INSERT INTO PURCHASE (id,sale_date,quantity,withdraw,stock_id,client_id) VALUES (1,'2018-10-31',5,'true',4,13);
INSERT INTO PURCHASE (id,sale_date,quantity,withdraw,stock_id,client_id) VALUES (2,'2018-07-14',9,'false',44,16);
INSERT INTO PURCHASE (id,sale_date,quantity,withdraw,stock_id,client_id) VALUES (3,'2018-01-07',4,'true',78,7);
INSERT INTO PURCHASE (id,sale_date,quantity,withdraw,stock_id,client_id) VALUES (4,'2018-09-15',2,'true',37,15);
INSERT INTO PURCHASE (id,sale_date,quantity,withdraw,stock_id,client_id) VALUES (5,'2018-02-15',5,'true',36,26);
INSERT INTO PURCHASE (id,sale_date,quantity,withdraw,stock_id,client_id) VALUES (6,'2018-11-18',4,'false',82,30);
INSERT INTO PURCHASE (id,sale_date,quantity,withdraw,stock_id,client_id) VALUES (7,'2018-08-22',5,'true',3,18);
INSERT INTO PURCHASE (id,sale_date,quantity,withdraw,stock_id,client_id) VALUES (8,'2018-05-31',5,'false',73,18);
INSERT INTO PURCHASE (id,sale_date,quantity,withdraw,stock_id,client_id) VALUES (9,'2018-01-01',10,'false',87,19);
INSERT INTO PURCHASE (id,sale_date,quantity,withdraw,stock_id,client_id) VALUES (10,'2018-03-19',7,'false',29,16);
INSERT INTO PURCHASE (id,sale_date,quantity,withdraw,stock_id,client_id) VALUES (11,'2018-07-04',6,'false',36,15);
INSERT INTO PURCHASE (id,sale_date,quantity,withdraw,stock_id,client_id) VALUES (12,'2018-05-30',4,'true',85,39);
INSERT INTO PURCHASE (id,sale_date,quantity,withdraw,stock_id,client_id) VALUES (13,'2018-07-29',6,'true',3,29);
INSERT INTO PURCHASE (id,sale_date,quantity,withdraw,stock_id,client_id) VALUES (14,'2018-05-21',3,'false',17,23);
INSERT INTO PURCHASE (id,sale_date,quantity,withdraw,stock_id,client_id) VALUES (15,'2018-08-21',3,'true',68,13);
INSERT INTO PURCHASE (id,sale_date,quantity,withdraw,stock_id,client_id) VALUES (16,'2018-03-14',9,'false',30,23);
INSERT INTO PURCHASE (id,sale_date,quantity,withdraw,stock_id,client_id) VALUES (17,'2018-02-04',8,'true',44,20);
INSERT INTO PURCHASE (id,sale_date,quantity,withdraw,stock_id,client_id) VALUES (18,'2018-01-29',2,'true',70,36);
INSERT INTO PURCHASE (id,sale_date,quantity,withdraw,stock_id,client_id) VALUES (19,'2018-06-10',2,'false',17,15);
INSERT INTO PURCHASE (id,sale_date,quantity,withdraw,stock_id,client_id) VALUES (20,'2018-07-12',10,'true',41,25);
INSERT INTO PURCHASE (id,sale_date,quantity,withdraw,stock_id,client_id) VALUES (21,'2018-02-12',10,'false',95,31);
INSERT INTO PURCHASE (id,sale_date,quantity,withdraw,stock_id,client_id) VALUES (22,'2018-08-24',8,'true',6,12);
INSERT INTO PURCHASE (id,sale_date,quantity,withdraw,stock_id,client_id) VALUES (23,'2018-03-21',6,'false',83,15);
INSERT INTO PURCHASE (id,sale_date,quantity,withdraw,stock_id,client_id) VALUES (24,'2018-02-07',1,'true',68,33);
INSERT INTO PURCHASE (id,sale_date,quantity,withdraw,stock_id,client_id) VALUES (25,'2018-07-29',7,'false',59,28);
INSERT INTO PURCHASE (id,sale_date,quantity,withdraw,stock_id,client_id) VALUES (26,'2018-06-21',5,'false',83,27);
INSERT INTO PURCHASE (id,sale_date,quantity,withdraw,stock_id,client_id) VALUES (27,'2018-06-19',2,'false',2,12);
INSERT INTO PURCHASE (id,sale_date,quantity,withdraw,stock_id,client_id) VALUES (28,'2018-10-14',7,'false',25,30);
INSERT INTO PURCHASE (id,sale_date,quantity,withdraw,stock_id,client_id) VALUES (29,'2018-10-15',4,'false',29,38);
INSERT INTO PURCHASE (id,sale_date,quantity,withdraw,stock_id,client_id) VALUES (30,'2018-01-29',6,'false',1,26);
INSERT INTO PURCHASE (id,sale_date,quantity,withdraw,stock_id,client_id) VALUES (31,'2018-08-03',3,'true',3,16);
INSERT INTO PURCHASE (id,sale_date,quantity,withdraw,stock_id,client_id) VALUES (32,'2018-07-18',10,'false',29,30);
INSERT INTO PURCHASE (id,sale_date,quantity,withdraw,stock_id,client_id) VALUES (33,'2018-07-21',8,'false',90,8);
INSERT INTO PURCHASE (id,sale_date,quantity,withdraw,stock_id,client_id) VALUES (34,'2018-10-18',3,'false',97,13);
INSERT INTO PURCHASE (id,sale_date,quantity,withdraw,stock_id,client_id) VALUES (35,'2018-07-31',10,'true',56,18);
INSERT INTO PURCHASE (id,sale_date,quantity,withdraw,stock_id,client_id) VALUES (36,'2018-10-24',5,'true',59,32);
INSERT INTO PURCHASE (id,sale_date,quantity,withdraw,stock_id,client_id) VALUES (37,'2018-09-19',8,'true',81,39);
INSERT INTO PURCHASE (id,sale_date,quantity,withdraw,stock_id,client_id) VALUES (38,'2018-04-15',6,'false',16,38);
INSERT INTO PURCHASE (id,sale_date,quantity,withdraw,stock_id,client_id) VALUES (39,'2018-07-04',6,'false',42,35);
INSERT INTO PURCHASE (id,sale_date,quantity,withdraw,stock_id,client_id) VALUES (40,'2018-06-14',4,'true',76,32);
INSERT INTO PURCHASE (id,sale_date,quantity,withdraw,stock_id,client_id) VALUES (41,'2018-10-20',5,'true',91,8);
INSERT INTO PURCHASE (id,sale_date,quantity,withdraw,stock_id,client_id) VALUES (42,'2018-10-26',2,'true',4,19);
INSERT INTO PURCHASE (id,sale_date,quantity,withdraw,stock_id,client_id) VALUES (43,'2018-01-09',8,'false',66,24);
INSERT INTO PURCHASE (id,sale_date,quantity,withdraw,stock_id,client_id) VALUES (44,'2018-04-01',1,'false',37,21);
INSERT INTO PURCHASE (id,sale_date,quantity,withdraw,stock_id,client_id) VALUES (45,'2018-07-05',5,'true',80,35);
INSERT INTO PURCHASE (id,sale_date,quantity,withdraw,stock_id,client_id) VALUES (46,'2018-09-05',6,'true',36,12);
INSERT INTO PURCHASE (id,sale_date,quantity,withdraw,stock_id,client_id) VALUES (47,'2018-03-22',4,'true',51,36);
INSERT INTO PURCHASE (id,sale_date,quantity,withdraw,stock_id,client_id) VALUES (48,'2018-01-20',2,'true',9,7);
INSERT INTO PURCHASE (id,sale_date,quantity,withdraw,stock_id,client_id) VALUES (49,'2018-08-16',10,'true',16,17);
INSERT INTO PURCHASE (id,sale_date,quantity,withdraw,stock_id,client_id) VALUES (50,'2018-06-12',3,'false',26,28);
INSERT INTO PURCHASE (id,sale_date,quantity,withdraw,stock_id,client_id) VALUES (51,'2018-04-03',9,'false',78,9);
INSERT INTO PURCHASE (id,sale_date,quantity,withdraw,stock_id,client_id) VALUES (52,'2018-11-22',8,'true',71,21);
INSERT INTO PURCHASE (id,sale_date,quantity,withdraw,stock_id,client_id) VALUES (53,'2018-04-18',6,'false',40,12);
INSERT INTO PURCHASE (id,sale_date,quantity,withdraw,stock_id,client_id) VALUES (54,'2018-05-16',4,'true',99,37);
INSERT INTO PURCHASE (id,sale_date,quantity,withdraw,stock_id,client_id) VALUES (55,'2018-11-23',6,'true',32,37);
INSERT INTO PURCHASE (id,sale_date,quantity,withdraw,stock_id,client_id) VALUES (56,'2018-07-11',10,'true',35,9);
INSERT INTO PURCHASE (id,sale_date,quantity,withdraw,stock_id,client_id) VALUES (57,'2018-01-22',8,'true',85,19);
INSERT INTO PURCHASE (id,sale_date,quantity,withdraw,stock_id,client_id) VALUES (58,'2018-01-21',2,'false',88,18);
INSERT INTO PURCHASE (id,sale_date,quantity,withdraw,stock_id,client_id) VALUES (59,'2018-08-15',5,'true',21,25);
INSERT INTO PURCHASE (id,sale_date,quantity,withdraw,stock_id,client_id) VALUES (60,'2018-01-26',4,'false',72,29);
INSERT INTO PURCHASE (id,sale_date,quantity,withdraw,stock_id,client_id) VALUES (61,'2018-04-11',9,'false',49,37);
INSERT INTO PURCHASE (id,sale_date,quantity,withdraw,stock_id,client_id) VALUES (62,'2018-07-22',4,'false',96,7);
INSERT INTO PURCHASE (id,sale_date,quantity,withdraw,stock_id,client_id) VALUES (63,'2018-08-18',6,'false',74,24);
INSERT INTO PURCHASE (id,sale_date,quantity,withdraw,stock_id,client_id) VALUES (64,'2018-01-19',10,'true',75,40);
INSERT INTO PURCHASE (id,sale_date,quantity,withdraw,stock_id,client_id) VALUES (65,'2018-02-09',10,'true',79,30);
INSERT INTO PURCHASE (id,sale_date,quantity,withdraw,stock_id,client_id) VALUES (66,'2018-10-20',4,'false',37,23);
INSERT INTO PURCHASE (id,sale_date,quantity,withdraw,stock_id,client_id) VALUES (67,'2018-03-24',8,'true',53,29);
INSERT INTO PURCHASE (id,sale_date,quantity,withdraw,stock_id,client_id) VALUES (68,'2018-02-15',9,'false',84,15);
INSERT INTO PURCHASE (id,sale_date,quantity,withdraw,stock_id,client_id) VALUES (69,'2018-10-02',10,'true',12,29);
INSERT INTO PURCHASE (id,sale_date,quantity,withdraw,stock_id,client_id) VALUES (70,'2018-11-05',4,'false',66,30);
INSERT INTO PURCHASE (id,sale_date,quantity,withdraw,stock_id,client_id) VALUES (71,'2018-11-19',1,'true',71,26);
INSERT INTO PURCHASE (id,sale_date,quantity,withdraw,stock_id,client_id) VALUES (72,'2018-03-21',1,'false',83,12);
INSERT INTO PURCHASE (id,sale_date,quantity,withdraw,stock_id,client_id) VALUES (73,'2018-10-30',6,'true',67,13);
INSERT INTO PURCHASE (id,sale_date,quantity,withdraw,stock_id,client_id) VALUES (74,'2018-04-03',2,'false',52,10);
INSERT INTO PURCHASE (id,sale_date,quantity,withdraw,stock_id,client_id) VALUES (75,'2018-09-22',7,'false',77,19);
INSERT INTO PURCHASE (id,sale_date,quantity,withdraw,stock_id,client_id) VALUES (76,'2018-01-04',10,'false',78,32);
INSERT INTO PURCHASE (id,sale_date,quantity,withdraw,stock_id,client_id) VALUES (77,'2018-10-30',4,'false',40,40);
INSERT INTO PURCHASE (id,sale_date,quantity,withdraw,stock_id,client_id) VALUES (78,'2018-03-24',2,'false',40,33);
INSERT INTO PURCHASE (id,sale_date,quantity,withdraw,stock_id,client_id) VALUES (79,'2018-01-28',7,'false',62,20);
INSERT INTO PURCHASE (id,sale_date,quantity,withdraw,stock_id,client_id) VALUES (80,'2018-09-25',1,'false',39,25);
INSERT INTO PURCHASE (id,sale_date,quantity,withdraw,stock_id,client_id) VALUES (81,'2018-07-10',8,'true',51,39);
INSERT INTO PURCHASE (id,sale_date,quantity,withdraw,stock_id,client_id) VALUES (82,'2018-01-23',7,'false',60,31);
INSERT INTO PURCHASE (id,sale_date,quantity,withdraw,stock_id,client_id) VALUES (83,'2018-01-12',4,'false',93,8);
INSERT INTO PURCHASE (id,sale_date,quantity,withdraw,stock_id,client_id) VALUES (84,'2018-03-11',2,'true',4,36);
INSERT INTO PURCHASE (id,sale_date,quantity,withdraw,stock_id,client_id) VALUES (85,'2018-06-20',10,'false',84,25);
INSERT INTO PURCHASE (id,sale_date,quantity,withdraw,stock_id,client_id) VALUES (86,'2018-03-27',10,'false',7,38);
INSERT INTO PURCHASE (id,sale_date,quantity,withdraw,stock_id,client_id) VALUES (87,'2018-11-02',8,'false',33,39);
INSERT INTO PURCHASE (id,sale_date,quantity,withdraw,stock_id,client_id) VALUES (88,'2018-11-17',2,'true',84,11);
INSERT INTO PURCHASE (id,sale_date,quantity,withdraw,stock_id,client_id) VALUES (89,'2018-01-18',7,'false',94,21);
INSERT INTO PURCHASE (id,sale_date,quantity,withdraw,stock_id,client_id) VALUES (90,'2018-09-30',6,'false',59,9);
INSERT INTO PURCHASE (id,sale_date,quantity,withdraw,stock_id,client_id) VALUES (91,'2018-05-05',6,'false',44,26);
INSERT INTO PURCHASE (id,sale_date,quantity,withdraw,stock_id,client_id) VALUES (92,'2018-05-27',7,'true',70,41);
INSERT INTO PURCHASE (id,sale_date,quantity,withdraw,stock_id,client_id) VALUES (93,'2018-04-10',5,'true',60,32);
INSERT INTO PURCHASE (id,sale_date,quantity,withdraw,stock_id,client_id) VALUES (94,'2018-07-27',1,'false',35,26);
INSERT INTO PURCHASE (id,sale_date,quantity,withdraw,stock_id,client_id) VALUES (95,'2018-09-13',2,'true',47,25);
INSERT INTO PURCHASE (id,sale_date,quantity,withdraw,stock_id,client_id) VALUES (96,'2018-05-13',4,'false',26,29);
INSERT INTO PURCHASE (id,sale_date,quantity,withdraw,stock_id,client_id) VALUES (97,'2018-11-09',10,'true',64,12);
INSERT INTO PURCHASE (id,sale_date,quantity,withdraw,stock_id,client_id) VALUES (98,'2018-09-12',3,'false',31,8);
INSERT INTO PURCHASE (id,sale_date,quantity,withdraw,stock_id,client_id) VALUES (99,'2018-07-23',5,'true',7,22);
INSERT INTO PURCHASE (id,sale_date,quantity,withdraw,stock_id,client_id) VALUES (100,'2018-03-06',2,'false',29,26);
