--IMAGE TABLE--
INSERT INTO IMAGE (id,name,description,image_path) VALUES (1, 'default_image', 'image par défaut', 'https://res.cloudinary.com/newlocal/image/upload/v1545298249/default_image.jpg');

INSERT INTO IMAGE (id,name,description,image_path) VALUES (2, 'fruit', 'categorie fruit', 'https://res.cloudinary.com/newlocal/image/upload/v1545298178/8.-Astuces-pour-reconna%C3%AEtre-les-fruits-m%C3%BBrs-e1438157989509.jpg');
INSERT INTO IMAGE (id,name,description,image_path) VALUES (3, 'légume', 'categorie légume', 'https://res.cloudinary.com/newlocal/image/upload/v1545298839/iStock-589415708-1080x675.jpg');
INSERT INTO IMAGE (id,name,description,image_path) VALUES (4, 'viande', 'categorie viande', 'https://res.cloudinary.com/newlocal/image/upload/v1545298839/signes-officiels-de-qualite.jpg');
INSERT INTO IMAGE (id,name,description,image_path) VALUES (5, 'poisson', 'categorie poisson', 'https://res.cloudinary.com/newlocal/image/upload/v1545298838/Poissonnerie-4-750x502.jpg');
INSERT INTO IMAGE (id,name,description,image_path) VALUES (6, 'épicerie', 'categorie épicerie', 'https://res.cloudinary.com/newlocal/image/upload/v1545298839/legumes.jpg');

INSERT INTO IMAGE (id,name,description,image_path) VALUES (7, 'pomme', 'product_type pomme', 'https://res.cloudinary.com/newlocal/image/upload/v1545316790/dinde.jpg');
INSERT INTO IMAGE (id,name,description,image_path) VALUES (8, 'poire', 'product_type poire', 'https://res.cloudinary.com/newlocal/image/upload/v1545317603/vinaigre-balsamique-poire.jpg');
INSERT INTO IMAGE (id,name,description,image_path) VALUES (9, 'citron', 'product_type citron', 'https://res.cloudinary.com/newlocal/image/upload/v1545316789/citron-jardin.jpg');
INSERT INTO IMAGE (id,name,description,image_path) VALUES (10, 'clémentine', 'product_type clémentine', 'https://res.cloudinary.com/newlocal/image/upload/v1545316788/clementine_346_346_filled.jpg');
INSERT INTO IMAGE (id,name,description,image_path) VALUES (11, 'brocoli', 'product_type brocoli', 'https://res.cloudinary.com/newlocal/image/upload/v1545316790/10659093.jpg');
INSERT INTO IMAGE (id,name,description,image_path) VALUES (12, 'pomme de terre', 'product_type pomme de terre', 'https://res.cloudinary.com/newlocal/image/upload/v1545316788/11085-2-pommes-de-terre-allians-bio-origine-france-cal-35-1-5-kg-20885.jpg');
INSERT INTO IMAGE (id,name,description,image_path) VALUES (13, 'carrote', 'product_type carrote', 'https://res.cloudinary.com/newlocal/image/upload/v1545316789/10659145.jpg');
INSERT INTO IMAGE (id,name,description,image_path) VALUES (14, 'concombre', 'product_type concombre', 'https://res.cloudinary.com/newlocal/image/upload/v1545316790/10659242.jpg');
INSERT INTO IMAGE (id,name,description,image_path) VALUES (15, 'épinard', 'product_type épinard', 'https://res.cloudinary.com/newlocal/image/upload/v1545316790/10659093.jpg');
INSERT INTO IMAGE (id,name,description,image_path) VALUES (16, 'agneau', 'product_type agneau', 'https://res.cloudinary.com/newlocal/image/upload/v1545316790/fotolia_6358672_subscription_xl-copy.jpg');
INSERT INTO IMAGE (id,name,description,image_path) VALUES (17, 'porc', 'product_type porc', 'https://res.cloudinary.com/newlocal/image/upload/v1545316795/viande-porc-roti-dans-le-filet.jpg');
INSERT INTO IMAGE (id,name,description,image_path) VALUES (18, 'poulet', 'product_type poulet', 'https://res.cloudinary.com/newlocal/image/upload/v1545316793/poulet-fermier.jpg');
INSERT INTO IMAGE (id,name,description,image_path) VALUES (19, 'thon', 'product_type thon', 'https://res.cloudinary.com/newlocal/image/upload/v1545318017/menual136_0.jpg');
INSERT INTO IMAGE (id,name,description,image_path) VALUES (20, 'crevette', 'product_type crevette', 'https://res.cloudinary.com/newlocal/image/upload/v1545316789/crevettes-roses-cuites.jpg');
INSERT INTO IMAGE (id,name,description,image_path) VALUES (21, 'langoustine', 'product_type langoustine', 'https://res.cloudinary.com/newlocal/image/upload/v1545316793/langoustine-accord-mets-vins-Copy.jpg');
INSERT INTO IMAGE (id,name,description,image_path) VALUES (22, 'moule', 'product_type moule', 'https://res.cloudinary.com/newlocal/image/upload/v1545316795/r63_moules-bouchot_fo.jpg');
INSERT INTO IMAGE (id,name,description,image_path) VALUES (23, 'riz', 'product_type riz', 'https://res.cloudinary.com/newlocal/image/upload/v1545318125/riz_article.jpg');
INSERT INTO IMAGE (id,name,description,image_path) VALUES (24, 'cacahuète', 'product_type cacahuète', 'https://res.cloudinary.com/newlocal/image/upload/v1545316791/fotolia_51988975_subscription_xxl-copy.jpg');
INSERT INTO IMAGE (id,name,description,image_path) VALUES (25, 'chocolat', 'product_type chocolat', 'https://res.cloudinary.com/newlocal/image/upload/v1545316795/Tablette-chocolat-noir-200g.jpg');

INSERT INTO IMAGE (id,name,description,image_path) VALUES (26, 'fraise', 'stock fraise', 'https://res.cloudinary.com/newlocal/image/upload/v1545324744/fraise.jpg');
INSERT INTO IMAGE (id,name,description,image_path) VALUES (27, 'noix', 'stock noix', 'https://res.cloudinary.com/newlocal/image/upload/v1545325566/noix.jpg');

INSERT INTO IMAGE (id,name,description,image_path) VALUES (28, 'holding1', 'holding 1', 'https://res.cloudinary.com/newlocal/image/upload/v1545324837/foncier-exploitation-agricole-immobilier-achat-vente-ferme-prix-atractif.jpg');
INSERT INTO IMAGE (id,name,description,image_path) VALUES (29, 'holding2', 'holding 2', 'https://res.cloudinary.com/newlocal/image/upload/v1545324837/exploitation-agricole-ho-1-87-faller.jpg');
INSERT INTO IMAGE (id,name,description,image_path) VALUES (30, 'holding3', 'holding 3', 'https://res.cloudinary.com/newlocal/image/upload/v1545324834/poluet2.jpg');
INSERT INTO IMAGE (id,name,description,image_path) VALUES (31, 'holding4', 'holding 4', 'https://res.cloudinary.com/newlocal/image/upload/v1545324834/EXPLOITATION-AGRICOLE-DE-74-HECTARES-Bis-18071813-1.jpg');

--CATEGORY TABLE--
INSERT INTO CATEGORY (id,name,description,image_id,category_parent_id) VALUES (1, 'Fruit','Un aliment végétal, à la saveur sucrée, généralement consommé cru', 2, null);
INSERT INTO CATEGORY (id,name,description,image_id,category_parent_id) VALUES (2, 'Légume','Généralement herbacés, utilisés dans alimentation humaine et dont la production relève du maraîchage ou du jardin potager', 3, null);
INSERT INTO CATEGORY (id,name,description,image_id,category_parent_id) VALUES (3, 'Viande', 'Aliment constitué des tissus musculaires de certains animaux, notamment les mammifères, les oiseaux et les reptiles', 4, null);
INSERT INTO CATEGORY (id,name,description,image_id,category_parent_id) VALUES (4, 'Poisson', 'Animaux vertébrés aquatiques à branchies, pourvus de nageoires', 5, null);
INSERT INTO CATEGORY (id,name,description,image_id,category_parent_id) VALUES (5, 'Épicerie', 'Un commerce de détail de proximité de denrées alimentaires', 6, null);

--PRODUCT_TYPE TABLE--
INSERT INTO PRODUCT_TYPE (id,name,description,image_id,category_id) VALUES (1,'pomme','est un fruit comestible à pépins dun goût sucré et acidulé et à la propriété plus ou moins astringente selon les variétés', 1, 1);
INSERT INTO PRODUCT_TYPE (id,name,description,image_id,category_id) VALUES (2,'poire','est un fruit à pépins comestible au goût doux et sucré dont il existe plus de deux mille variétés cultivées', 1,1);
INSERT INTO PRODUCT_TYPE (id,name,description,image_id,category_id) VALUES (3,'citron','est un agrume, fruit du citronnier (Citrus limon) arbuste de 5 à 10 mètres de haut, à feuilles persistantes, de la famille des Rutacées', 1,1);
INSERT INTO PRODUCT_TYPE (id,name,description,image_id,category_id) VALUES (4,'clémentine','est un agrume, fruit du clémentinier, un arbre hybride de la famille des rutacées, issu du croisement entre un mandarinier et un oranger', 1,1);
INSERT INTO PRODUCT_TYPE (id,name,description,image_id,category_id) VALUES (5,'brocoli','est une variété de chou originaire du sud de Italie', 1,2);
INSERT INTO PRODUCT_TYPE (id,name,description,image_id,category_id) VALUES (6,'pomme de terre','est un tubercule comestible produit par l’espèce Solanum tuberosum', 1,2);
INSERT INTO PRODUCT_TYPE (id,name,description,image_id,category_id) VALUES (7,'carrote',' est une plante bisannuelle de la famille des apiacées, largement cultivée pour sa racine pivotante charnue, comestible, de couleur généralement orangée', 1,2);
INSERT INTO PRODUCT_TYPE (id,name,description,image_id,category_id) VALUES (8,'concombre','est une plante potagère herbacée, rampante, de la même famille que la calebasse africaine, le melon ou la courge', 1,2);
INSERT INTO PRODUCT_TYPE (id,name,description,image_id,category_id) VALUES (9,'épinard','est une plante potagère, annuelle ou bisannuelle, de la famille des Chenopodiaceae, lobortis', 1,2);
INSERT INTO PRODUCT_TYPE (id,name,description,image_id,category_id) VALUES (10,'agneau','est une production agricole résultante de élevage du mouton', 1,3);
INSERT INTO PRODUCT_TYPE (id,name,description,image_id,category_id) VALUES (11,'porc','est la viande tirée un animal, le porc, ', 1,3);
INSERT INTO PRODUCT_TYPE (id,name,description,image_id,category_id) VALUES (12,'poulet','est une jeune volaille, mâle ou femelle, de la sous-espèce Gallus gallus domesticus', 1,3);
INSERT INTO PRODUCT_TYPE (id,name,description,image_id,category_id) VALUES (13,'thon','est un genre de poissons de la famille des Scombridés', 1,4);
INSERT INTO PRODUCT_TYPE (id,name,description,image_id,category_id) VALUES (14,'crevette','nom commun pour les petits crustacés aquatiques avec un exosquelette et dix pattes', 1,4);
INSERT INTO PRODUCT_TYPE (id,name,description,image_id,category_id) VALUES (15,'langoustine','est le nom vernaculaire donné à de nombreux crustacés', 1,4);
INSERT INTO PRODUCT_TYPE (id,name,description,image_id,category_id) VALUES (16,'moule','est le nom commun utilisé pour les membres de plusieurs familles de mollusques bivalves', 1,4);
INSERT INTO PRODUCT_TYPE (id,name,description,image_id,category_id) VALUES (17,'riz','est une céréale de la famille des poacées, cultivée dans les régions tropicales', 1,5);
INSERT INTO PRODUCT_TYPE (id,name,description,image_id,category_id) VALUES (18,'cacahuète','graine de l’arachide, dont on extrait de l’huile ou que l’on consomme torréfié', 1,5);
INSERT INTO PRODUCT_TYPE (id,name,description,image_id,category_id) VALUES (19,'chocolat','est un aliment plus ou moins sucré produit à partir de la fève de cacao', 1,5);
INSERT INTO PRODUCT_TYPE (id,name,description,image_id,category_id) VALUES (20,'Fraise','est un fruit rouge', 1,1);
INSERT INTO PRODUCT_TYPE (id,name,description,image_id,category_id) VALUES (21,'Noix','est un fruit rouge', 1,1);

--JHI_USER TABLE--
INSERT INTO JHI_USER (ID,LOGIN,PASSWORD_HASH,FIRST_NAME,LAST_NAME,EMAIL,ACTIVATED,LANG_KEY,ACTIVATION_KEY,RESET_KEY,CREATED_BY,CREATED_DATE,RESET_DATE,LAST_MODIFIED_BY,LAST_MODIFIED_DATE) VALUES (7,'Florian','$2y$10$DIQaTZ3ML7nYaZDY7cZfwutBo4obqHF.KJcSZ1x4QI1Yv54907DdO','Florian','Gourdeau','florian.gourdeau@gmail.com','TRUE','fr', null, null,'system',DATE '2018-11-15 14:44:10.842',DATE '2018-11-15 14:44:10.842',' null',DATE'2018-11-15 14:44:10.842');
INSERT INTO JHI_USER (ID,LOGIN,PASSWORD_HASH,FIRST_NAME,LAST_NAME,EMAIL,ACTIVATED,LANG_KEY,ACTIVATION_KEY,RESET_KEY,CREATED_BY,CREATED_DATE,RESET_DATE,LAST_MODIFIED_BY,LAST_MODIFIED_DATE) VALUES (8,'Rick','$2y$10$y7Z2aj2VPFEU/bd8.4StxOg.KExrZcr9YID5dBuN0NHlswdccPwAC','Rick','Hellman','vitae@gmail.com','TRUE','fr', null, null,'system',DATE '2018-11-15 14:44:10.842',DATE '2018-11-15 14:44:10.842',' null',DATE '2018-11-15 14:44:10.842');
INSERT INTO JHI_USER (ID,LOGIN,PASSWORD_HASH,FIRST_NAME,LAST_NAME,EMAIL,ACTIVATED,LANG_KEY,ACTIVATION_KEY,RESET_KEY,CREATED_BY,CREATED_DATE,RESET_DATE,LAST_MODIFIED_BY,LAST_MODIFIED_DATE) VALUES (9,'Antoine','$2y$10$qb2LMLkiRyTbObxbsUgNtO6p59/UIeoZdQgXefydC9btOkU45SnOS','Antoine','Duquennoy','antoine.duquennoy59@gmail.com','TRUE','fr', null, null,'system',DATE '2018-11-15 14:44:10.842',DATE '2018-11-15 14:44:10.842',' null',DATE '2018-11-15 14:44:10.842');
INSERT INTO JHI_USER (ID,LOGIN,PASSWORD_HASH,FIRST_NAME,LAST_NAME,EMAIL,ACTIVATED,LANG_KEY,ACTIVATION_KEY,RESET_KEY,CREATED_BY,CREATED_DATE,RESET_DATE,LAST_MODIFIED_BY,LAST_MODIFIED_DATE) VALUES (10,'Tarik','$2y$10$ZRQlI1ntiCVGHjSVzHTUUehBfgPXRwN17KWp1VnPe5KLGoeJqpIoa','Tarik','Ghannam','ghannamtarik@gmail.com','TRUE','fr', null, null,'system',DATE '2018-11-15 14:44:10.842',DATE '2018-11-15 14:44:10.842',' null',DATE '2018-11-15 14:44:10.842');
INSERT INTO JHI_USER (ID,LOGIN,PASSWORD_HASH,FIRST_NAME,LAST_NAME,EMAIL,ACTIVATED,LANG_KEY,ACTIVATION_KEY,RESET_KEY,CREATED_BY,CREATED_DATE,RESET_DATE,LAST_MODIFIED_BY,LAST_MODIFIED_DATE) VALUES (11,'Stephanie','$2y$10$iH4OXmJRExij9JldQEoQWO2LfNF2BABmmgUk6lRLg3cyW15Ag88TO','Stephanie','Barona','stephanie.aliquet@gmail.com','TRUE','fr', null, null,'system',DATE '2018-11-15 14:44:10.842',DATE '2018-11-15 14:44:10.842',' null',DATE '2018-11-15 14:44:10.842');
INSERT INTO JHI_USER (ID,LOGIN,PASSWORD_HASH,FIRST_NAME,LAST_NAME,EMAIL,ACTIVATED,LANG_KEY,ACTIVATION_KEY,RESET_KEY,CREATED_BY,CREATED_DATE,RESET_DATE,LAST_MODIFIED_BY,LAST_MODIFIED_DATE) VALUES (12,'Paul','$2y$10$Qr7xUma1VaQ5ep35MwyuYukDo8F0aHLNcKyr0GWdQq6fkcNBmrUj.','Paul','Posso','eget@hotmail.com','TRUE','fr', null, null,'system',DATE '2018-11-15 14:44:10.842',DATE '2018-11-15 14:44:10.842',' null',DATE '2018-11-15 14:44:10.842');
INSERT INTO JHI_USER (ID,LOGIN,PASSWORD_HASH,FIRST_NAME,LAST_NAME,EMAIL,ACTIVATED,LANG_KEY,ACTIVATION_KEY,RESET_KEY,CREATED_BY,CREATED_DATE,RESET_DATE,LAST_MODIFIED_BY,LAST_MODIFIED_DATE) VALUES (13,'Camille','$2y$10$xGfXXmEJ8.1Gvxb46KOl5e8lKylBIhZHk///fHeuk1NIZ1ePUUdJu','Camille','Benounnas','cbenounnas@gmail.com','TRUE','fr', null, null,'system',DATE '2018-11-15 14:44:10.842',DATE '2018-11-15 14:44:10.842',' null',DATE '2018-11-15 14:44:10.842');
INSERT INTO JHI_USER (ID,LOGIN,PASSWORD_HASH,FIRST_NAME,LAST_NAME,EMAIL,ACTIVATED,LANG_KEY,ACTIVATION_KEY,RESET_KEY,CREATED_BY,CREATED_DATE,RESET_DATE,LAST_MODIFIED_BY,LAST_MODIFIED_DATE) VALUES (14,'Salomon','$2y$10$LFjSe0x4AxeArwoGHfn10.THBYlUG2hApXeZj842WzdY1rfKsr2OG','Salomon','Zamora','zamora76@hotmail.com','TRUE','fr', null, null,'system',DATE '2018-11-15 14:44:10.842',DATE '2018-11-15 14:44:10.842',' null',DATE '2018-11-15 14:44:10.842');
INSERT INTO JHI_USER (ID,LOGIN,PASSWORD_HASH,FIRST_NAME,LAST_NAME,EMAIL,ACTIVATED,LANG_KEY,ACTIVATION_KEY,RESET_KEY,CREATED_BY,CREATED_DATE,RESET_DATE,LAST_MODIFIED_BY,LAST_MODIFIED_DATE) VALUES (15,'Valentin','$2y$10$Dum1vR5tuZ0vy6nn3rIBPO/Fgs3PU4CzYybQnOWxdQpY4qJ98h4la','Valentin','Otero','otero.val@gmail.com','TRUE','fr', null, null,'system',DATE '2018-11-15 14:44:10.842',DATE '2018-11-15 14:44:10.842',' null',DATE '2018-11-15 14:44:10.842');
INSERT INTO JHI_USER (ID,LOGIN,PASSWORD_HASH,FIRST_NAME,LAST_NAME,EMAIL,ACTIVATED,LANG_KEY,ACTIVATION_KEY,RESET_KEY,CREATED_BY,CREATED_DATE,RESET_DATE,LAST_MODIFIED_BY,LAST_MODIFIED_DATE) VALUES (16,'Iyas','$2y$10$XnVoaHI8/DMrvmYrmA6y2uchub5l4N.7U3RQc8jGNqtK8HHp/..hG','Iyas','Corini','corini.sed@gmail.com','TRUE','fr', null, null,'system',DATE '2018-11-15 14:44:10.842',DATE '2018-11-15 14:44:10.842',' null',DATE '2018-11-15 14:44:10.842');
INSERT INTO JHI_USER (ID,LOGIN,PASSWORD_HASH,FIRST_NAME,LAST_NAME,EMAIL,ACTIVATED,LANG_KEY,ACTIVATION_KEY,RESET_KEY,CREATED_BY,CREATED_DATE,RESET_DATE,LAST_MODIFIED_BY,LAST_MODIFIED_DATE) VALUES (17,'Noel','$2y$10$kh8F7DMR3cFnFzDxgDhLSehhxejNU1N3SCTc2/1aizlwOEp171srC','Noel','Sarraj','sarraj098@hotmail.com','TRUE','fr', null, null,'system',DATE '2018-11-15 14:44:10.842',DATE '2018-11-15 14:44:10.842',' null',DATE '2018-11-15 14:44:10.842');
INSERT INTO JHI_USER (ID,LOGIN,PASSWORD_HASH,FIRST_NAME,LAST_NAME,EMAIL,ACTIVATED,LANG_KEY,ACTIVATION_KEY,RESET_KEY,CREATED_BY,CREATED_DATE,RESET_DATE,LAST_MODIFIED_BY,LAST_MODIFIED_DATE) VALUES (18,'Riad','$2y$10$wFmgr81Vzd.prfFmpQz1teRhYffV/L0BXQs9ltzR1iJnjLm1lD9D2','Riad','Khundadze','rKhundadze@gmail.com','TRUE','fr', null, null,'system',DATE '2018-11-15 14:44:10.842',DATE '2018-11-15 14:44:10.842',' null',DATE '2018-11-15 14:44:10.842');
INSERT INTO JHI_USER (ID,LOGIN,PASSWORD_HASH,FIRST_NAME,LAST_NAME,EMAIL,ACTIVATED,LANG_KEY,ACTIVATION_KEY,RESET_KEY,CREATED_BY,CREATED_DATE,RESET_DATE,LAST_MODIFIED_BY,LAST_MODIFIED_DATE) VALUES (19,'Benjamin','$2y$10$28uQFnyas9sg8rnCpZHEx.1Pg0OxZwirhx6jncZ2NoxI2pDpNH2ZS','Benjamin','Gontard','benjamin.gontard2912@gmail.com','TRUE','fr', null, null,'system',DATE '2018-11-15 14:44:10.842',DATE '2018-11-15 14:44:10.842',' null',DATE '2018-11-15 14:44:10.842');
INSERT INTO JHI_USER (ID,LOGIN,PASSWORD_HASH,FIRST_NAME,LAST_NAME,EMAIL,ACTIVATED,LANG_KEY,ACTIVATION_KEY,RESET_KEY,CREATED_BY,CREATED_DATE,RESET_DATE,LAST_MODIFIED_BY,LAST_MODIFIED_DATE) VALUES (20,'Ian','$2y$10$VvNYpXnIb.G2ou/rJnLDXeF39wJ6mYgth7D0iQnsxAvPaz1Gm2dC.','Ian','Viteri','viteriI92@hotmail.com','TRUE','fr', null, null,'system',DATE '2018-11-15 14:44:10.842',DATE '2018-11-15 14:44:10.842',' null',DATE '2018-11-15 14:44:10.842');

--GRADE TABLE--
INSERT INTO GRADE (id,grade,nb_voter,seller_id,product_type_id) VALUES (1,4,36,9,20);
INSERT INTO GRADE (id,grade,nb_voter,seller_id,product_type_id) VALUES (2,3,75,19,21);

--LOCATION TABLE--
INSERT INTO LOCATION (id,city,country,zip,address,lon,lat,user_id) VALUES (1,'Lyon','France','69001','60 av Debourg','4.830183','45.731463',null);
INSERT INTO LOCATION (id,city,country,zip,address,lon,lat,user_id) VALUES (2,'Grenoble','France','38000','18 Rue HUmbert II','5.723922','45.185617',null);
INSERT INTO LOCATION (id,city,country,zip,address,lon,lat,user_id) VALUES (3,'Saint-Etienne','France','42000','59 r Richelandière','4.405465','45.437884',null);
INSERT INTO LOCATION (id,city,country,zip,address,lon,lat,user_id) VALUES (4,'Annecy','France','74000','1 av Berthollet','6.122455','45.902929',15);
INSERT INTO LOCATION (id,city,country,zip,address,lon,lat,user_id) VALUES (5,'Valence','France','26000','58 av Lautagne','4.906004','44.905298',18);
INSERT INTO LOCATION (id,city,country,zip,address,lon,lat,user_id) VALUES (6,'Chamberry','France','73018','108 r Aristide Bergès','5.901844','45.586631',null);
INSERT INTO LOCATION (id,city,country,zip,address,lon,lat,user_id) VALUES (7,'Saint-Etienne','France','42000','6 A r Léon Lamaizière','4.380768','45.466002',null);
INSERT INTO LOCATION (id,city,country,zip,address,lon,lat,user_id) VALUES (8,'Montelimar','France','26200','bd Georges Pompidou','4.773231','44.546744',18);
INSERT INTO LOCATION (id,city,country,zip,address,lon,lat,user_id) VALUES (9,'Grenoble','France','38000','26 av Malherbe','5.734604','45.169706',null);
INSERT INTO LOCATION (id,city,country,zip,address,lon,lat,user_id) VALUES (10,'Vienne','France','4758','34 av Leclerc','4.864548','45.512369',16);
INSERT INTO LOCATION (id,city,country,zip,address,lon,lat,user_id) VALUES (11,'Lille','France','59800','109 Rue Colbert','3.044003','50.631416',null);
INSERT INTO LOCATION (id,city,country,zip,address,lon,lat,user_id) VALUES (12,'Marseille','France','13010','83 Avenue de la Timone','5.404215','43.286084',19);
INSERT INTO LOCATION (id,city,country,zip,address,lon,lat,user_id) VALUES (13,'Dijon','France','21000','14 rue du temple','5.036058','47.325375',null);
INSERT INTO LOCATION (id,city,country,zip,address,lon,lat,user_id) VALUES (14,'Nice','France','06000','9 rue Dabray','7.257352','43.706343',null);
INSERT INTO LOCATION (id,city,country,zip,address,lon,lat,user_id) VALUES (15,'Bordeaux','France','33800','15 rue Lajarte','-0.571503','44.825330',null);
INSERT INTO LOCATION (id,city,country,zip,address,lon,lat,user_id) VALUES (16,'Chambery','France','73000','22 Rue Agutte Sembat','5.913516','45.568205',15);
INSERT INTO LOCATION (id,city,country,zip,address,lon,lat,user_id) VALUES (17,'Brest','France','29200','17 Rue Charles Péguy','-4.486919','48.401639',null);
INSERT INTO LOCATION (id,city,country,zip,address,lon,lat,user_id) VALUES (18,'Orléan','France','45000','2 Rue Albert Laville','1.912442','47.908693',17);

--HOLDING TABLE--
INSERT INTO HOLDING (id,siret,name,description,image_id,location_id,owner_id) VALUES (1,35510266353376,'PRIMLAND','Société existant depuis plusieurs années spécialisée dans la commercialisation en gros et négoce de fruits', 1,2,9);
INSERT INTO HOLDING (id,siret,name,description,image_id,location_id,owner_id) VALUES (2,51018813629634,'GIORDAN ET CIE','Société spécialisée dans commercialisation des produits agricoles, de fruits et légumes frais, proposant en permanence des fruits et légumes en fonction du climat', 1,2,19);
INSERT INTO HOLDING (id,siret,name,description,image_id,location_id,owner_id) VALUES (3,20258648297749,'BONDUELLE FRAIS FRANCE','est un acteur reconnu sur le marché du fruits', 1,11,7);
INSERT INTO HOLDING (id,siret,name,description,image_id,location_id,owner_id) VALUES (4,95931812617927,'SOVIFRUITS',' Commerce de gros (commerce interentreprises) de fruits et légumes', 1,11,11);

--WAREHOUSE TABLE--
INSERT INTO WAREHOUSE (id,name,description,tel,image_id,location_id) VALUES (1,'Grenoble','Entrepot de Grenoble','04 32 45 85 55', 1, 2);
INSERT INTO WAREHOUSE (id,name,description,tel,image_id,location_id) VALUES (2,'Saint Etienne','Entrepot de Saint Etienne','05 26 28 31 54', 1, 3);
INSERT INTO WAREHOUSE (id,name,description,tel,image_id,location_id) VALUES (3,'Orléan','Entrepot de Paris','03 99 28 70 59', 1, 18);
INSERT INTO WAREHOUSE (id,name,description,tel,image_id,location_id) VALUES (4,'Marseille.','Entrepot de Marseille','05 62 16 05 38', 1,12);
INSERT INTO WAREHOUSE (id,name,description,tel,image_id,location_id) VALUES (5,'Lille','Entrepot de Lille','09 81 69 79 12', 1,11);

--STOCK TABLE--
INSERT INTO STOCK (id,name,description,quantity_init,quantity_remaining,price_unit,on_sale_date,expiry_date,bio,available,image_id,product_type_id,holding_id,seller_id,warehouse_id) VALUES (1,'Fraise bio','Fraise bio de ma ferme',10000,10000,0.008, DATE '2018-07-01', DATE '2018-10-02','true','true', 26, 20, 1, 9, 1);
INSERT INTO STOCK (id,name,description,quantity_init,quantity_remaining,price_unit,on_sale_date,expiry_date,bio,available,image_id,product_type_id,holding_id,seller_id,warehouse_id) VALUES (2,'Noix de Grenoble','Noix typique de grenoble',50000,50000,0.031, DATE '2018-09-03',DATE '2019-02-15','true','true', 26,21,2,19,1);
