--CATEGORY TABLE--
INSERT INTO CATEGORY VALUES(9016, 'Fruit','un aliment végétal, à la saveur sucrée, généralement consommé cru','','',null);
INSERT INTO CATEGORY VALUES(8135, 'Legume','un aliment végétal, à la saveur sucrée, généralement consommé cru','','',null);
INSERT INTO CATEGORY VALUES(0170, 'Viande', 'aliment constitué des tissus musculaires de certains animaux, notamment les mammifères, les oiseaux, les reptiles, mais aussi certains poissons','','',null);
INSERT INTO CATEGORY VALUES(8348, 'Poisson', 'animaux vertébrés aquatiques à branchies, pourvus de nageoires','','',null);
INSERT INTO CATEGORY VALUES(1028, 'Epicerie', 'un commerce de détail de proximité de denrées alimentaires','','',null);

--PRODUCT_TYPE TABLE--
INSERT INTO "PRODUCT_TYPE" (ID,NAME,DESCRIPTION,IMAGE,IMAGE_CONTENT_TYPE,CATEGORY_ID) VALUES (567,'riz','neque venenatis lacus. Etiam bibendum fermentum metus. Aenean sed pede','','',8135);
INSERT INTO "PRODUCT_TYPE" (ID,NAME,DESCRIPTION,IMAGE,IMAGE_CONTENT_TYPE,CATEGORY_ID) VALUES (568,'veau','ac libero nec ligula consectetuer rhoncus. Nullam velit dui, semper','','',8135);
INSERT INTO "PRODUCT_TYPE" (ID,NAME,DESCRIPTION,IMAGE,IMAGE_CONTENT_TYPE,CATEGORY_ID) VALUES (569,'carottes','et netus et malesuada fames ac turpis egestas. Fusce aliquet','','',9016);
INSERT INTO "PRODUCT_TYPE" (ID,NAME,DESCRIPTION,IMAGE,IMAGE_CONTENT_TYPE,CATEGORY_ID) VALUES (570,'papaya','est, mollis non, cursus non, egestas a, dui. Cras pellentesque.','','',1028);
INSERT INTO "PRODUCT_TYPE" (ID,NAME,DESCRIPTION,IMAGE,IMAGE_CONTENT_TYPE,CATEGORY_ID) VALUES (571,'veau','ultricies ornare, elit elit fermentum risus, at fringilla purus mauris','','',8348);
INSERT INTO "PRODUCT_TYPE" (ID,NAME,DESCRIPTION,IMAGE,IMAGE_CONTENT_TYPE,CATEGORY_ID) VALUES (572,'pomme de terre','auctor vitae, aliquet nec, imperdiet nec, leo. Morbi neque tellus,','','',8135);
INSERT INTO "PRODUCT_TYPE" (ID,NAME,DESCRIPTION,IMAGE,IMAGE_CONTENT_TYPE,CATEGORY_ID) VALUES (573,'brocoli','dis parturient montes, nascetur ridiculus mus. Aenean eget magna. Suspendisse','','null',9016);
INSERT INTO "PRODUCT_TYPE" (ID,NAME,DESCRIPTION,IMAGE,IMAGE_CONTENT_TYPE,CATEGORY_ID) VALUES (574,'myrtilles','pharetra. Nam ac nulla. In tincidunt congue turpis. In condimentum.','','',170);
INSERT INTO "PRODUCT_TYPE" (ID,NAME,DESCRIPTION,IMAGE,IMAGE_CONTENT_TYPE,CATEGORY_ID) VALUES (575,'pomme de terre','nisi dictum augue malesuada malesuada. Integer id magna et ipsum','','',9016);
INSERT INTO "PRODUCT_TYPE" (ID,NAME,DESCRIPTION,IMAGE,IMAGE_CONTENT_TYPE,CATEGORY_ID) VALUES (576,'mangue','felis purus ac tellus. Suspendisse sed dolor. Fusce mi lorem,','','',8135);
INSERT INTO "PRODUCT_TYPE" (ID,NAME,DESCRIPTION,IMAGE,IMAGE_CONTENT_TYPE,CATEGORY_ID) VALUES (577,'myrtilles','luctus sit amet, faucibus ut, nulla. Cras eu tellus eu','','',9016);
INSERT INTO "PRODUCT_TYPE" (ID,NAME,DESCRIPTION,IMAGE,IMAGE_CONTENT_TYPE,CATEGORY_ID) VALUES (578,'poulet','a, facilisis non, bibendum sed, est. Nunc laoreet lectus quis','','',170);
INSERT INTO "PRODUCT_TYPE" (ID,NAME,DESCRIPTION,IMAGE,IMAGE_CONTENT_TYPE,CATEGORY_ID) VALUES (579,'riz','amet massa. Quisque porttitor eros nec tellus. Nunc lectus pede,','','',9016);
INSERT INTO "PRODUCT_TYPE" (ID,NAME,DESCRIPTION,IMAGE,IMAGE_CONTENT_TYPE,CATEGORY_ID) VALUES (580,'ananas','metus sit amet ante. Vivamus non lorem vitae odio sagittis','','',8348);
INSERT INTO "PRODUCT_TYPE" (ID,NAME,DESCRIPTION,IMAGE,IMAGE_CONTENT_TYPE,CATEGORY_ID) VALUES (581,'myrtilles','Suspendisse aliquet molestie tellus. Aenean egestas hendrerit neque. In ornare','','',170);
INSERT INTO "PRODUCT_TYPE" (ID,NAME,DESCRIPTION,IMAGE,IMAGE_CONTENT_TYPE,CATEGORY_ID) VALUES (582,'poulet','sociis natoque penatibus et magnis dis parturient montes, nascetur ridiculus','','',170);
INSERT INTO "PRODUCT_TYPE" (ID,NAME,DESCRIPTION,IMAGE,IMAGE_CONTENT_TYPE,CATEGORY_ID) VALUES (583,'pâtes','Nullam vitae diam. Proin dolor. Nulla semper tellus id nunc','','',8135);
INSERT INTO "PRODUCT_TYPE" (ID,NAME,DESCRIPTION,IMAGE,IMAGE_CONTENT_TYPE,CATEGORY_ID) VALUES (584,'calamar','nunc est, mollis non, cursus non, egestas a, dui. Cras','','',170);
INSERT INTO "PRODUCT_TYPE" (ID,NAME,DESCRIPTION,IMAGE,IMAGE_CONTENT_TYPE,CATEGORY_ID) VALUES (585,'papaya','nisi magna sed dui. Fusce aliquam, enim nec tempus scelerisque,','','',170);
INSERT INTO "PRODUCT_TYPE" (ID,NAME,DESCRIPTION,IMAGE,IMAGE_CONTENT_TYPE,CATEGORY_ID) VALUES (586,'riz','Nunc ullamcorper, velit in aliquet lobortis, nisi nibh lacinia orci,','','',170);
INSERT INTO "PRODUCT_TYPE" (ID,NAME,DESCRIPTION,IMAGE,IMAGE_CONTENT_TYPE,CATEGORY_ID) VALUES (587,'riz','sed dui. Fusce aliquam, enim nec tempus scelerisque, lorem ipsum','','',9016);
INSERT INTO "PRODUCT_TYPE" (ID,NAME,DESCRIPTION,IMAGE,IMAGE_CONTENT_TYPE,CATEGORY_ID) VALUES (588,'ananas','scelerisque dui. Suspendisse ac metus vitae velit egestas lacinia. Sed','','',8348);
INSERT INTO "PRODUCT_TYPE" (ID,NAME,DESCRIPTION,IMAGE,IMAGE_CONTENT_TYPE,CATEGORY_ID) VALUES (589,'pâtes','Integer vitae nibh. Donec est mauris, rhoncus id, mollis nec,','','',1028);
INSERT INTO "PRODUCT_TYPE" (ID,NAME,DESCRIPTION,IMAGE,IMAGE_CONTENT_TYPE,CATEGORY_ID) VALUES (590,'carottes','nunc. Quisque ornare tortor at risus. Nunc ac sem ut','','',8348);
INSERT INTO "PRODUCT_TYPE" (ID,NAME,DESCRIPTION,IMAGE,IMAGE_CONTENT_TYPE,CATEGORY_ID) VALUES (592,'veau','luctus lobortis. Class aptent taciti sociosqu ad litora torquent per','','',8348);
INSERT INTO "PRODUCT_TYPE" (ID,NAME,DESCRIPTION,IMAGE,IMAGE_CONTENT_TYPE,CATEGORY_ID) VALUES (593,'poulet','ac turpis egestas. Aliquam fringilla cursus purus. Nullam scelerisque neque','','',170);
INSERT INTO "PRODUCT_TYPE" (ID,NAME,DESCRIPTION,IMAGE,IMAGE_CONTENT_TYPE,CATEGORY_ID) VALUES (594,'pâtes','nonummy ipsum non arcu. Vivamus sit amet risus. Donec egestas.','','',9016);
INSERT INTO "PRODUCT_TYPE" (ID,NAME,DESCRIPTION,IMAGE,IMAGE_CONTENT_TYPE,CATEGORY_ID) VALUES (595,'poulet','bibendum sed, est. Nunc laoreet lectus quis massa. Mauris vestibulum,','','',9016);
INSERT INTO "PRODUCT_TYPE" (ID,NAME,DESCRIPTION,IMAGE,IMAGE_CONTENT_TYPE,CATEGORY_ID) VALUES (596,'pâtes','Nunc lectus pede, ultrices a, auctor non, feugiat nec, diam.','','',8135);
INSERT INTO "PRODUCT_TYPE" (ID,NAME,DESCRIPTION,IMAGE,IMAGE_CONTENT_TYPE,CATEGORY_ID) VALUES (597,'mangue','libero mauris, aliquam eu, accumsan sed, facilisis vitae, orci. Phasellus','','',8135);
INSERT INTO "PRODUCT_TYPE" (ID,NAME,DESCRIPTION,IMAGE,IMAGE_CONTENT_TYPE,CATEGORY_ID) VALUES (598,'papaya','amet ultricies sem magna nec quam. Curabitur vel lectus. Cum','','',9016);
INSERT INTO "PRODUCT_TYPE" (ID,NAME,DESCRIPTION,IMAGE,IMAGE_CONTENT_TYPE,CATEGORY_ID) VALUES (599,'poulet','Phasellus elit pede, malesuada vel, venenatis vel, faucibus id, libero.','','',8348);
INSERT INTO "PRODUCT_TYPE" (ID,NAME,DESCRIPTION,IMAGE,IMAGE_CONTENT_TYPE,CATEGORY_ID) VALUES (600,'pomme de terre','purus mauris a nunc. In at pede. Cras vulputate velit','','',8135);
INSERT INTO "PRODUCT_TYPE" (ID,NAME,DESCRIPTION,IMAGE,IMAGE_CONTENT_TYPE,CATEGORY_ID) VALUES (601,'papaya','Nam porttitor scelerisque neque. Nullam nisl. Maecenas malesuada fringilla est.','','',1028);

--USER TABLE--
INSERT INTO "JHI_USER" (ID,LOGIN,PASSWORD_HASH,FIRST_NAME,LAST_NAME,EMAIL,ACTIVATED,LANG_KEY,ACTIVATION_KEY,RESET_KEY,CREATED_BY,CREATED_DATE,RESET_DATE,LAST_MODIFIED_BY,LAST_MODIFIED_DATE) VALUES (7,'UGR72EJO4BR','PAL51JFF5RW','Noble','libero','vitae.mauris@metus.ca','TRUE','fr','null','null','system','2018-11-15 14:44:10.842','2018-11-15 14:44:10.842',' null','2018-11-15 14:44:10.842');
INSERT INTO "JHI_USER" (ID,LOGIN,PASSWORD_HASH,FIRST_NAME,LAST_NAME,EMAIL,ACTIVATED,LANG_KEY,ACTIVATION_KEY,RESET_KEY,CREATED_BY,CREATED_DATE,RESET_DATE,LAST_MODIFIED_BY,LAST_MODIFIED_DATE) VALUES (8,'JST68WLQ7UH','HWO25OEP1NI','Thaddeus','penatibus et magnis dis parturient','vitae@interdumSedauctor.com','TRUE','fr','null','null','system','2018-11-15 14:44:10.842','2018-11-15 14:44:10.842',' null','2018-11-15 14:44:10.842');
INSERT INTO "JHI_USER" (ID,LOGIN,PASSWORD_HASH,FIRST_NAME,LAST_NAME,EMAIL,ACTIVATED,LANG_KEY,ACTIVATION_KEY,RESET_KEY,CREATED_BY,CREATED_DATE,RESET_DATE,LAST_MODIFIED_BY,LAST_MODIFIED_DATE) VALUES (9,'TER86TZQ8FE','HES53LDC7OD','Rhea','felis. Nulla tempor augue ac ipsum. Phasellus','a.magna@ametnulla.org','TRUE','fr','null','null','system','2018-11-15 14:44:10.842','2018-11-15 14:44:10.842',' null','2018-11-15 14:44:10.842');
INSERT INTO "JHI_USER" (ID,LOGIN,PASSWORD_HASH,FIRST_NAME,LAST_NAME,EMAIL,ACTIVATED,LANG_KEY,ACTIVATION_KEY,RESET_KEY,CREATED_BY,CREATED_DATE,RESET_DATE,LAST_MODIFIED_BY,LAST_MODIFIED_DATE) VALUES (10,'QPP10GPI5YI','PIT70GNK9KP','Dakota','nisl','egestas.Sed@bibendum.co.uk','TRUE','fr','null','null','system','2018-11-15 14:44:10.842','2018-11-15 14:44:10.842',' null','2018-11-15 14:44:10.842');
INSERT INTO "JHI_USER" (ID,LOGIN,PASSWORD_HASH,FIRST_NAME,LAST_NAME,EMAIL,ACTIVATED,LANG_KEY,ACTIVATION_KEY,RESET_KEY,CREATED_BY,CREATED_DATE,RESET_DATE,LAST_MODIFIED_BY,LAST_MODIFIED_DATE) VALUES (11,'HBE71LVM5GK','VPE75AMZ5ED','Tara','Ut semper','iaculis.aliquet@tellusAeneanegestas.ca','TRUE','fr','null','null','system','2018-11-15 14:44:10.842','2018-11-15 14:44:10.842',' null','2018-11-15 14:44:10.842');
INSERT INTO "JHI_USER" (ID,LOGIN,PASSWORD_HASH,FIRST_NAME,LAST_NAME,EMAIL,ACTIVATED,LANG_KEY,ACTIVATION_KEY,RESET_KEY,CREATED_BY,CREATED_DATE,RESET_DATE,LAST_MODIFIED_BY,LAST_MODIFIED_DATE) VALUES (12,'CPN88LVC9DR','GYY80WGB8KV','Cameran','augue. Sed molestie. Sed id risus quis diam','eget@Crasinterdum.edu','TRUE','fr','null','null','system','2018-11-15 14:44:10.842','2018-11-15 14:44:10.842',' null','2018-11-15 14:44:10.842');
INSERT INTO "JHI_USER" (ID,LOGIN,PASSWORD_HASH,FIRST_NAME,LAST_NAME,EMAIL,ACTIVATED,LANG_KEY,ACTIVATION_KEY,RESET_KEY,CREATED_BY,CREATED_DATE,RESET_DATE,LAST_MODIFIED_BY,LAST_MODIFIED_DATE) VALUES (13,'XRL46DKS6RM','ABI47OPY0GX','Risa','dictum mi, ac','interdum.Nunc.sollicitudin@risusInmi.ca','TRUE','fr','null','null','system','2018-11-15 14:44:10.842','2018-11-15 14:44:10.842',' null','2018-11-15 14:44:10.842');
INSERT INTO "JHI_USER" (ID,LOGIN,PASSWORD_HASH,FIRST_NAME,LAST_NAME,EMAIL,ACTIVATED,LANG_KEY,ACTIVATION_KEY,RESET_KEY,CREATED_BY,CREATED_DATE,RESET_DATE,LAST_MODIFIED_BY,LAST_MODIFIED_DATE) VALUES (14,'ZQF43SCA9CJ','JDR05BDR4QH','Solomon','vel arcu. Curabitur ut','in.dolor@nullaDonecnon.edu','TRUE','fr','null','null','system','2018-11-15 14:44:10.842','2018-11-15 14:44:10.842',' null','2018-11-15 14:44:10.842');
INSERT INTO "JHI_USER" (ID,LOGIN,PASSWORD_HASH,FIRST_NAME,LAST_NAME,EMAIL,ACTIVATED,LANG_KEY,ACTIVATION_KEY,RESET_KEY,CREATED_BY,CREATED_DATE,RESET_DATE,LAST_MODIFIED_BY,LAST_MODIFIED_DATE) VALUES (15,'HUX35VUM4UG','XCB36OKG8ZE','Cade','risus. In mi pede, nonummy ut, molestie in,','diam.luctus.lobortis@massa.co.uk','TRUE','fr','null','null','system','2018-11-15 14:44:10.842','2018-11-15 14:44:10.842',' null','2018-11-15 14:44:10.842');
INSERT INTO "JHI_USER" (ID,LOGIN,PASSWORD_HASH,FIRST_NAME,LAST_NAME,EMAIL,ACTIVATED,LANG_KEY,ACTIVATION_KEY,RESET_KEY,CREATED_BY,CREATED_DATE,RESET_DATE,LAST_MODIFIED_BY,LAST_MODIFIED_DATE) VALUES (16,'VAT60YTK7MQ','RWR23OHH0JJ','Chaim','mollis. Phasellus libero mauris,','Cras.sed@dictumauguemalesuada.com','TRUE','fr','null','null','system','2018-11-15 14:44:10.842','2018-11-15 14:44:10.842',' null','2018-11-15 14:44:10.842');
INSERT INTO "JHI_USER" (ID,LOGIN,PASSWORD_HASH,FIRST_NAME,LAST_NAME,EMAIL,ACTIVATED,LANG_KEY,ACTIVATION_KEY,RESET_KEY,CREATED_BY,CREATED_DATE,RESET_DATE,LAST_MODIFIED_BY,LAST_MODIFIED_DATE) VALUES (17,'ENW39YLI6CR','SOP19WBZ1JA','Noel','convallis ligula. Donec luctus aliquet','facilisis.lorem.tristique@disparturientmontes.org','TRUE','fr','null','null','system','2018-11-15 14:44:10.842','2018-11-15 14:44:10.842',' null','2018-11-15 14:44:10.842');
INSERT INTO "JHI_USER" (ID,LOGIN,PASSWORD_HASH,FIRST_NAME,LAST_NAME,EMAIL,ACTIVATED,LANG_KEY,ACTIVATION_KEY,RESET_KEY,CREATED_BY,CREATED_DATE,RESET_DATE,LAST_MODIFIED_BY,LAST_MODIFIED_DATE) VALUES (18,'TAB17TWF1GE','XXX67ZDB6BW','Quinn','justo','massa.non.ante@diamPellentesque.net','TRUE','fr','null','null','system','2018-11-15 14:44:10.842','2018-11-15 14:44:10.842',' null','2018-11-15 14:44:10.842');
INSERT INTO "JHI_USER" (ID,LOGIN,PASSWORD_HASH,FIRST_NAME,LAST_NAME,EMAIL,ACTIVATED,LANG_KEY,ACTIVATION_KEY,RESET_KEY,CREATED_BY,CREATED_DATE,RESET_DATE,LAST_MODIFIED_BY,LAST_MODIFIED_DATE) VALUES (19,'WBE80QBI3PF','WMM49VKU7BB','Mariko','tellus lorem eu metus.','ultrices.mauris@tellusPhasellus.edu','TRUE','fr','null','null','system','2018-11-15 14:44:10.842','2018-11-15 14:44:10.842',' null','2018-11-15 14:44:10.842');
INSERT INTO "JHI_USER" (ID,LOGIN,PASSWORD_HASH,FIRST_NAME,LAST_NAME,EMAIL,ACTIVATED,LANG_KEY,ACTIVATION_KEY,RESET_KEY,CREATED_BY,CREATED_DATE,RESET_DATE,LAST_MODIFIED_BY,LAST_MODIFIED_DATE) VALUES (20,'OYE37UDN7WE','FLR08QBB0XP','Reagan','odio. Aliquam vulputate ullamcorper','diam.Sed.diam@pellentesquemassalobortis.net','TRUE','fr','null','null','system','2018-11-15 14:44:10.842','2018-11-15 14:44:10.842',' null','2018-11-15 14:44:10.842');
INSERT INTO "JHI_USER" (ID,LOGIN,PASSWORD_HASH,FIRST_NAME,LAST_NAME,EMAIL,ACTIVATED,LANG_KEY,ACTIVATION_KEY,RESET_KEY,CREATED_BY,CREATED_DATE,RESET_DATE,LAST_MODIFIED_BY,LAST_MODIFIED_DATE) VALUES (21,'CMX58YST8ZI','PVA09INH2LT','Bertha','quam, elementum','sit.amet@semegestas.org','TRUE','fr','null','null','system','2018-11-15 14:44:10.842','2018-11-15 14:44:10.842',' null','2018-11-15 14:44:10.842');
INSERT INTO "JHI_USER" (ID,LOGIN,PASSWORD_HASH,FIRST_NAME,LAST_NAME,EMAIL,ACTIVATED,LANG_KEY,ACTIVATION_KEY,RESET_KEY,CREATED_BY,CREATED_DATE,RESET_DATE,LAST_MODIFIED_BY,LAST_MODIFIED_DATE) VALUES (22,'ZOT54TAE8QW','UIQ84DAC3OX','Carlos','sed,','In.nec@dignissimlacus.com','TRUE','fr','null','null','system','2018-11-15 14:44:10.842','2018-11-15 14:44:10.842',' null','2018-11-15 14:44:10.842');
INSERT INTO "JHI_USER" (ID,LOGIN,PASSWORD_HASH,FIRST_NAME,LAST_NAME,EMAIL,ACTIVATED,LANG_KEY,ACTIVATION_KEY,RESET_KEY,CREATED_BY,CREATED_DATE,RESET_DATE,LAST_MODIFIED_BY,LAST_MODIFIED_DATE) VALUES (23,'KVP07ULT2EN','FQZ45JKC0FG','Kristen','ipsum non arcu. Vivamus sit amet','Integer@sapienNuncpulvinar.ca','TRUE','fr','null','null','system','2018-11-15 14:44:10.842','2018-11-15 14:44:10.842',' null','2018-11-15 14:44:10.842');
INSERT INTO "JHI_USER" (ID,LOGIN,PASSWORD_HASH,FIRST_NAME,LAST_NAME,EMAIL,ACTIVATED,LANG_KEY,ACTIVATION_KEY,RESET_KEY,CREATED_BY,CREATED_DATE,RESET_DATE,LAST_MODIFIED_BY,LAST_MODIFIED_DATE) VALUES (24,'TZF25LRP5EH','FQF89KZK6GC','Nathaniel','Morbi non sapien molestie orci tincidunt','sodales.at@Fuscediamnunc.co.uk','TRUE','fr','null','null','system','2018-11-15 14:44:10.842','2018-11-15 14:44:10.842',' null','2018-11-15 14:44:10.842');
INSERT INTO "JHI_USER" (ID,LOGIN,PASSWORD_HASH,FIRST_NAME,LAST_NAME,EMAIL,ACTIVATED,LANG_KEY,ACTIVATION_KEY,RESET_KEY,CREATED_BY,CREATED_DATE,RESET_DATE,LAST_MODIFIED_BY,LAST_MODIFIED_DATE) VALUES (25,'DVW15TQB8NF','JTC41HBX2UR','Flavia','velit egestas lacinia. Sed congue,','tortor@etmagnis.co.uk','TRUE','fr','null','null','system','2018-11-15 14:44:10.842','2018-11-15 14:44:10.842',' null','2018-11-15 14:44:10.842');
INSERT INTO "JHI_USER" (ID,LOGIN,PASSWORD_HASH,FIRST_NAME,LAST_NAME,EMAIL,ACTIVATED,LANG_KEY,ACTIVATION_KEY,RESET_KEY,CREATED_BY,CREATED_DATE,RESET_DATE,LAST_MODIFIED_BY,LAST_MODIFIED_DATE) VALUES (26,'HDO84QNF5FE','PKZ31ZCC2HB','Castor','a,','ultricies.dignissim@montes.co.uk','TRUE','fr','null','null','system','2018-11-15 14:44:10.842','2018-11-15 14:44:10.842',' null','2018-11-15 14:44:10.842');
INSERT INTO "JHI_USER" (ID,LOGIN,PASSWORD_HASH,FIRST_NAME,LAST_NAME,EMAIL,ACTIVATED,LANG_KEY,ACTIVATION_KEY,RESET_KEY,CREATED_BY,CREATED_DATE,RESET_DATE,LAST_MODIFIED_BY,LAST_MODIFIED_DATE) VALUES (27,'UVG39ZVB6FD','PMM47BAV2LE','Maryam','odio.','ultrices.Vivamus@diamluctuslobortis.net','TRUE','fr','null','null','system','2018-11-15 14:44:10.842','2018-11-15 14:44:10.842',' null','2018-11-15 14:44:10.842');
INSERT INTO "JHI_USER" (ID,LOGIN,PASSWORD_HASH,FIRST_NAME,LAST_NAME,EMAIL,ACTIVATED,LANG_KEY,ACTIVATION_KEY,RESET_KEY,CREATED_BY,CREATED_DATE,RESET_DATE,LAST_MODIFIED_BY,LAST_MODIFIED_DATE) VALUES (28,'OZJ96HFD6TC','PTL25JAC4SC','Nola','dictum. Proin eget odio.','Ut@egestasligulaNullam.org','TRUE','fr','null','null','system','2018-11-15 14:44:10.842','2018-11-15 14:44:10.842',' null','2018-11-15 14:44:10.842');
INSERT INTO "JHI_USER" (ID,LOGIN,PASSWORD_HASH,FIRST_NAME,LAST_NAME,EMAIL,ACTIVATED,LANG_KEY,ACTIVATION_KEY,RESET_KEY,CREATED_BY,CREATED_DATE,RESET_DATE,LAST_MODIFIED_BY,LAST_MODIFIED_DATE) VALUES (29,'VHP31OUI4NC','FNB52JYY9XF','Ryder','malesuada fames ac turpis egestas. Fusce','lectus@nascetur.org','TRUE','fr','null','null','system','2018-11-15 14:44:10.842','2018-11-15 14:44:10.842',' null','2018-11-15 14:44:10.842');
INSERT INTO "JHI_USER" (ID,LOGIN,PASSWORD_HASH,FIRST_NAME,LAST_NAME,EMAIL,ACTIVATED,LANG_KEY,ACTIVATION_KEY,RESET_KEY,CREATED_BY,CREATED_DATE,RESET_DATE,LAST_MODIFIED_BY,LAST_MODIFIED_DATE) VALUES (30,'OIP66YVN1EW','MGE75TXB1WM','Tyler','cursus a,','ac.libero@SeddictumProin.ca','TRUE','fr','null','null','system','2018-11-15 14:44:10.842','2018-11-15 14:44:10.842',' null','2018-11-15 14:44:10.842');
INSERT INTO "JHI_USER" (ID,LOGIN,PASSWORD_HASH,FIRST_NAME,LAST_NAME,EMAIL,ACTIVATED,LANG_KEY,ACTIVATION_KEY,RESET_KEY,CREATED_BY,CREATED_DATE,RESET_DATE,LAST_MODIFIED_BY,LAST_MODIFIED_DATE) VALUES (31,'PYK21VJY7UX','SEE50TOO8ZX','Hayden','est. Nunc laoreet lectus quis massa. Mauris','nec@Duisdignissim.com','TRUE','fr','null','null','system','2018-11-15 14:44:10.842','2018-11-15 14:44:10.842',' null','2018-11-15 14:44:10.842');
INSERT INTO "JHI_USER" (ID,LOGIN,PASSWORD_HASH,FIRST_NAME,LAST_NAME,EMAIL,ACTIVATED,LANG_KEY,ACTIVATION_KEY,RESET_KEY,CREATED_BY,CREATED_DATE,RESET_DATE,LAST_MODIFIED_BY,LAST_MODIFIED_DATE) VALUES (32,'ZDN14JJS1KV','FWS04CUR5BX','Jacob','leo. Cras','commodo.auctor@iaculis.org','TRUE','fr','null','null','system','2018-11-15 14:44:10.842','2018-11-15 14:44:10.842',' null','2018-11-15 14:44:10.842');
INSERT INTO "JHI_USER" (ID,LOGIN,PASSWORD_HASH,FIRST_NAME,LAST_NAME,EMAIL,ACTIVATED,LANG_KEY,ACTIVATION_KEY,RESET_KEY,CREATED_BY,CREATED_DATE,RESET_DATE,LAST_MODIFIED_BY,LAST_MODIFIED_DATE) VALUES (33,'KNT97NTC5RJ','LBP97RSB5FE','Cameron','ut odio vel est','libero.Integer.in@aliquet.co.uk','TRUE','fr','null','null','system','2018-11-15 14:44:10.842','2018-11-15 14:44:10.842',' null','2018-11-15 14:44:10.842');
INSERT INTO "JHI_USER" (ID,LOGIN,PASSWORD_HASH,FIRST_NAME,LAST_NAME,EMAIL,ACTIVATED,LANG_KEY,ACTIVATION_KEY,RESET_KEY,CREATED_BY,CREATED_DATE,RESET_DATE,LAST_MODIFIED_BY,LAST_MODIFIED_DATE) VALUES (34,'UDH54PKZ1XY','AWM41XVK5NV','Abbot','taciti sociosqu ad litora torquent per conubia','orci.tincidunt.adipiscing@Duisac.ca','TRUE','fr','null','null','system','2018-11-15 14:44:10.842','2018-11-15 14:44:10.842',' null','2018-11-15 14:44:10.842');
INSERT INTO "JHI_USER" (ID,LOGIN,PASSWORD_HASH,FIRST_NAME,LAST_NAME,EMAIL,ACTIVATED,LANG_KEY,ACTIVATION_KEY,RESET_KEY,CREATED_BY,CREATED_DATE,RESET_DATE,LAST_MODIFIED_BY,LAST_MODIFIED_DATE) VALUES (35,'FXG56KTK5ZC','ZYP08XKW1XD','Grace','semper tellus id nunc interdum','posuere@parturientmontesnascetur.co.uk','TRUE','fr','null','null','system','2018-11-15 14:44:10.842','2018-11-15 14:44:10.842',' null','2018-11-15 14:44:10.842');
INSERT INTO "JHI_USER" (ID,LOGIN,PASSWORD_HASH,FIRST_NAME,LAST_NAME,EMAIL,ACTIVATED,LANG_KEY,ACTIVATION_KEY,RESET_KEY,CREATED_BY,CREATED_DATE,RESET_DATE,LAST_MODIFIED_BY,LAST_MODIFIED_DATE) VALUES (36,'XMC84RZV7EK','MXW35KPT7JC','Geoffrey','primis in faucibus','Aliquam.nec.enim@dapibus.com','TRUE','fr','null','null','system','2018-11-15 14:44:10.842','2018-11-15 14:44:10.842',' null','2018-11-15 14:44:10.842');
INSERT INTO "JHI_USER" (ID,LOGIN,PASSWORD_HASH,FIRST_NAME,LAST_NAME,EMAIL,ACTIVATED,LANG_KEY,ACTIVATION_KEY,RESET_KEY,CREATED_BY,CREATED_DATE,RESET_DATE,LAST_MODIFIED_BY,LAST_MODIFIED_DATE) VALUES (37,'ILG91KLB2ZP','TUP23BHU4LL','Angelica','Duis volutpat nunc sit amet metus. Aliquam','Ut.tincidunt.orci@ornarefacilisis.co.uk','TRUE','fr','null','null','system','2018-11-15 14:44:10.842','2018-11-15 14:44:10.842',' null','2018-11-15 14:44:10.842');
INSERT INTO "JHI_USER" (ID,LOGIN,PASSWORD_HASH,FIRST_NAME,LAST_NAME,EMAIL,ACTIVATED,LANG_KEY,ACTIVATION_KEY,RESET_KEY,CREATED_BY,CREATED_DATE,RESET_DATE,LAST_MODIFIED_BY,LAST_MODIFIED_DATE) VALUES (38,'WRA62IFT6ZB','IDH80BZW9VP','Clarke','nec','dui@semper.edu','TRUE','fr','null','null','system','2018-11-15 14:44:10.842','2018-11-15 14:44:10.842',' null','2018-11-15 14:44:10.842');
INSERT INTO "JHI_USER" (ID,LOGIN,PASSWORD_HASH,FIRST_NAME,LAST_NAME,EMAIL,ACTIVATED,LANG_KEY,ACTIVATION_KEY,RESET_KEY,CREATED_BY,CREATED_DATE,RESET_DATE,LAST_MODIFIED_BY,LAST_MODIFIED_DATE) VALUES (39,'RZG34ROP6XK','FRV37LLO7FH','Leroy','semper pretium neque. Morbi quis','sapien.Aenean.massa@diamluctus.com','TRUE','fr','null','null','system','2018-11-15 14:44:10.842','2018-11-15 14:44:10.842',' null','2018-11-15 14:44:10.842');
INSERT INTO "JHI_USER" (ID,LOGIN,PASSWORD_HASH,FIRST_NAME,LAST_NAME,EMAIL,ACTIVATED,LANG_KEY,ACTIVATION_KEY,RESET_KEY,CREATED_BY,CREATED_DATE,RESET_DATE,LAST_MODIFIED_BY,LAST_MODIFIED_DATE) VALUES (40,'KCU12MWB0ZP','HFI34VDN3ZQ','Zachary','sed consequat','montes@dictumplacerataugue.net','TRUE','fr','null','null','system','2018-11-15 14:44:10.842','2018-11-15 14:44:10.842',' null','2018-11-15 14:44:10.842');
INSERT INTO "JHI_USER" (ID,LOGIN,PASSWORD_HASH,FIRST_NAME,LAST_NAME,EMAIL,ACTIVATED,LANG_KEY,ACTIVATION_KEY,RESET_KEY,CREATED_BY,CREATED_DATE,RESET_DATE,LAST_MODIFIED_BY,LAST_MODIFIED_DATE) VALUES (41,'ZVI50TZL4VJ','YNN60WNO3CX','Riley','sem elit, pharetra ut, pharetra','orci.Phasellus@velitegetlaoreet.net','TRUE','fr','null','null','system','2018-11-15 14:44:10.842','2018-11-15 14:44:10.842',' null','2018-11-15 14:44:10.842');

--GRADE TABLE--
INSERT INTO "GRADE" (ID,GRADE,USER_ID,PRODUCT_TYPE_ID) VALUES (568,3,4,599);
INSERT INTO "GRADE" (ID,GRADE,USER_ID,PRODUCT_TYPE_ID) VALUES (569,5,18,589);
INSERT INTO "GRADE" (ID,GRADE,USER_ID,PRODUCT_TYPE_ID) VALUES (570,5,1,584);
INSERT INTO "GRADE" (ID,GRADE,USER_ID,PRODUCT_TYPE_ID) VALUES (571,5,39,587);
INSERT INTO "GRADE" (ID,GRADE,USER_ID,PRODUCT_TYPE_ID) VALUES (573,3,89,593);
INSERT INTO "GRADE" (ID,GRADE,USER_ID,PRODUCT_TYPE_ID) VALUES (574,1,80,592);
INSERT INTO "GRADE" (ID,GRADE,USER_ID,PRODUCT_TYPE_ID) VALUES (575,5,67,595);
INSERT INTO "GRADE" (ID,GRADE,USER_ID,PRODUCT_TYPE_ID) VALUES (576,3,21,572);
INSERT INTO "GRADE" (ID,GRADE,USER_ID,PRODUCT_TYPE_ID) VALUES (577,1,17,572);
INSERT INTO "GRADE" (ID,GRADE,USER_ID,PRODUCT_TYPE_ID) VALUES (578,2,84,592);
INSERT INTO "GRADE" (ID,GRADE,USER_ID,PRODUCT_TYPE_ID) VALUES (579,5,65,589);
INSERT INTO "GRADE" (ID,GRADE,USER_ID,PRODUCT_TYPE_ID) VALUES (580,5,13,580);
INSERT INTO "GRADE" (ID,GRADE,USER_ID,PRODUCT_TYPE_ID) VALUES (581,3,32,598);
INSERT INTO "GRADE" (ID,GRADE,USER_ID,PRODUCT_TYPE_ID) VALUES (582,4,39,568);
INSERT INTO "GRADE" (ID,GRADE,USER_ID,PRODUCT_TYPE_ID) VALUES (583,4,74,587);
INSERT INTO "GRADE" (ID,GRADE,USER_ID,PRODUCT_TYPE_ID) VALUES (584,1,58,570);
INSERT INTO "GRADE" (ID,GRADE,USER_ID,PRODUCT_TYPE_ID) VALUES (585,4,9,581);
INSERT INTO "GRADE" (ID,GRADE,USER_ID,PRODUCT_TYPE_ID) VALUES (586,4,77,577);
INSERT INTO "GRADE" (ID,GRADE,USER_ID,PRODUCT_TYPE_ID) VALUES (587,1,52,594);
INSERT INTO "GRADE" (ID,GRADE,USER_ID,PRODUCT_TYPE_ID) VALUES (588,5,84,574);
INSERT INTO "GRADE" (ID,GRADE,USER_ID,PRODUCT_TYPE_ID) VALUES (589,2,39,589);
INSERT INTO "GRADE" (ID,GRADE,USER_ID,PRODUCT_TYPE_ID) VALUES (590,4,101,597);
INSERT INTO "GRADE" (ID,GRADE,USER_ID,PRODUCT_TYPE_ID) VALUES (591,2,40,573);
INSERT INTO "GRADE" (ID,GRADE,USER_ID,PRODUCT_TYPE_ID) VALUES (592,4,15,573);
INSERT INTO "GRADE" (ID,GRADE,USER_ID,PRODUCT_TYPE_ID) VALUES (593,3,25,586);
INSERT INTO "GRADE" (ID,GRADE,USER_ID,PRODUCT_TYPE_ID) VALUES (594,2,5,578);
INSERT INTO "GRADE" (ID,GRADE,USER_ID,PRODUCT_TYPE_ID) VALUES (595,4,66,583);
INSERT INTO "GRADE" (ID,GRADE,USER_ID,PRODUCT_TYPE_ID) VALUES (596,3,32,567);
INSERT INTO "GRADE" (ID,GRADE,USER_ID,PRODUCT_TYPE_ID) VALUES (597,2,76,590);
INSERT INTO "GRADE" (ID,GRADE,USER_ID,PRODUCT_TYPE_ID) VALUES (598,5,71,584);
INSERT INTO "GRADE" (ID,GRADE,USER_ID,PRODUCT_TYPE_ID) VALUES (599,2,83,572);
INSERT INTO "GRADE" (ID,GRADE,USER_ID,PRODUCT_TYPE_ID) VALUES (600,3,53,595);
INSERT INTO "GRADE" (ID,GRADE,USER_ID,PRODUCT_TYPE_ID) VALUES (601,3,85,582);
INSERT INTO "GRADE" (ID,GRADE,USER_ID,PRODUCT_TYPE_ID) VALUES (602,1,1,600);
INSERT INTO "GRADE" (ID,GRADE,USER_ID,PRODUCT_TYPE_ID) VALUES (603,1,32,568);
INSERT INTO "GRADE" (ID,GRADE,USER_ID,PRODUCT_TYPE_ID) VALUES (604,5,67,588);
INSERT INTO "GRADE" (ID,GRADE,USER_ID,PRODUCT_TYPE_ID) VALUES (605,1,79,592);
INSERT INTO "GRADE" (ID,GRADE,USER_ID,PRODUCT_TYPE_ID) VALUES (606,4,36,569);

--LOCATION TABLE--
INSERT INTO "LOCATION" (ID,CITY,COUNTRY,ZIP,ADDRESS,LON,LAT,USER_ID) VALUES (346,'Livingston','Syria','66504','256-9207 Nec, Avenue',16,-8,38);
INSERT INTO "LOCATION" (ID,CITY,COUNTRY,ZIP,ADDRESS,LON,LAT,USER_ID) VALUES (347,'Segni','Falkland Islands','2509','5985 Viverra. Ave',16,5,39);
INSERT INTO "LOCATION" (ID,CITY,COUNTRY,ZIP,ADDRESS,LON,LAT,USER_ID) VALUES (348,'Wommelgem','Guadeloupe','2679 WY','CP 926, 5436 Massa Rue',16,5,40);
INSERT INTO "LOCATION" (ID,CITY,COUNTRY,ZIP,ADDRESS,LON,LAT,USER_ID) VALUES (349,'Horsham','Singapore','4745','CP 606, 6487 Eu Chemin',20,8,16);
INSERT INTO "LOCATION" (ID,CITY,COUNTRY,ZIP,ADDRESS,LON,LAT,USER_ID) VALUES (350,'Pimpri-Chinchwad','Gambia','25546','634-6274 Purus Chemin',15,4,5);
INSERT INTO "LOCATION" (ID,CITY,COUNTRY,ZIP,ADDRESS,LON,LAT,USER_ID) VALUES (351,'Schwedt','Croatia','41-072','541-2362 Non Route',17,9,12);
INSERT INTO "LOCATION" (ID,CITY,COUNTRY,ZIP,ADDRESS,LON,LAT,USER_ID) VALUES (352,'West Valley City','Tuvalu','M8G 9J0','3363 Semper Chemin',18,5,41);
INSERT INTO "LOCATION" (ID,CITY,COUNTRY,ZIP,ADDRESS,LON,LAT,USER_ID) VALUES (353,'Waterbury','Denmark','89593','Appartement 524-474 Eros. Rd.',19,2,22);
INSERT INTO "LOCATION" (ID,CITY,COUNTRY,ZIP,ADDRESS,LON,LAT,USER_ID) VALUES (354,'Roux','Syria','260222','Appartement 596-6898 Rhoncus. Impasse',20,7,40);
INSERT INTO "LOCATION" (ID,CITY,COUNTRY,ZIP,ADDRESS,LON,LAT,USER_ID) VALUES (355,'Laives/Leifers','Oman','20410','8563 Ligula. Impasse',15,-10,20);
INSERT INTO "LOCATION" (ID,CITY,COUNTRY,ZIP,ADDRESS,LON,LAT,USER_ID) VALUES (356,'East Linton','Georgia','72986','Appartement 584-2566 Blandit Chemin',16,-9,24);
INSERT INTO "LOCATION" (ID,CITY,COUNTRY,ZIP,ADDRESS,LON,LAT,USER_ID) VALUES (357,'Mayerthorpe','Cape Verde','68-178','CP 638, 3459 Vitae Rd.',17,10,26);
INSERT INTO "LOCATION" (ID,CITY,COUNTRY,ZIP,ADDRESS,LON,LAT,USER_ID) VALUES (358,'Chestermere','Somalia','36240','742-9780 Neque Impasse',18,0,28);
INSERT INTO "LOCATION" (ID,CITY,COUNTRY,ZIP,ADDRESS,LON,LAT,USER_ID) VALUES (359,'Silvassa','American Samoa','4267','5208 Ornare Rd.',16,-12,29);
INSERT INTO "LOCATION" (ID,CITY,COUNTRY,ZIP,ADDRESS,LON,LAT,USER_ID) VALUES (360,'Vilvoorde','Luxembourg','59788','115-6294 Sit Impasse',17,-3,40);
INSERT INTO "LOCATION" (ID,CITY,COUNTRY,ZIP,ADDRESS,LON,LAT,USER_ID) VALUES (362,'Peñaflor','Qatar','70795','808-1415 Et, Rd.',17,9,39);
INSERT INTO "LOCATION" (ID,CITY,COUNTRY,ZIP,ADDRESS,LON,LAT,USER_ID) VALUES (363,'Westkerke','Niue','02228','329-6939 Eget Impasse',17,-1,33);
INSERT INTO "LOCATION" (ID,CITY,COUNTRY,ZIP,ADDRESS,LON,LAT,USER_ID) VALUES (364,'La Hulpe','Svalbard and Jan Mayen Islands','79859','CP 770, 455 Volutpat. Av.',20,-13,27);
INSERT INTO "LOCATION" (ID,CITY,COUNTRY,ZIP,ADDRESS,LON,LAT,USER_ID) VALUES (365,'Brye','United States Minor Outlying Islands','1645','970-3511 Id, Impasse',17,-2,34);
INSERT INTO "LOCATION" (ID,CITY,COUNTRY,ZIP,ADDRESS,LON,LAT,USER_ID) VALUES (366,'Curepto','Virgin Islands, British','35883','3733 Aliquet Rue',15,3,28);
INSERT INTO "LOCATION" (ID,CITY,COUNTRY,ZIP,ADDRESS,LON,LAT,USER_ID) VALUES (367,'Thorn','Kuwait','G7Q 5QR','Appartement 782-5082 Cursus Rue',16,5,29);
INSERT INTO "LOCATION" (ID,CITY,COUNTRY,ZIP,ADDRESS,LON,LAT,USER_ID) VALUES (368,'Whangarei','Montenegro','60158','CP 655, 7366 Sodales Rue',15,7,34);

--HOLDING TABLE--
INSERT INTO "HOLDING" (ID,NAME,DESCRIPTION,IMAGE,IMAGE_CONTENT_TYPE,LOCATION_ID,OWNER_ID) VALUES (103,'Ut Ipsum Corporation','Curabitur consequat, lectus sit amet luctus','','',349,39);
INSERT INTO "HOLDING" (ID,NAME,DESCRIPTION,IMAGE,IMAGE_CONTENT_TYPE,LOCATION_ID,OWNER_ID) VALUES (107,'Sodales Elit Consulting','metus','','',350,13);
INSERT INTO "HOLDING" (ID,NAME,DESCRIPTION,IMAGE,IMAGE_CONTENT_TYPE,LOCATION_ID,OWNER_ID) VALUES (108,'Gravida Mauris Ut Inc.','interdum enim non nisi. Aenean eget metus.','','',350,33);
INSERT INTO "HOLDING" (ID,NAME,DESCRIPTION,IMAGE,IMAGE_CONTENT_TYPE,LOCATION_ID,OWNER_ID) VALUES (111,'Accumsan Inc.','urna justo faucibus lectus, a sollicitudin orci sem eget','','',348,18);
INSERT INTO "HOLDING" (ID,NAME,DESCRIPTION,IMAGE,IMAGE_CONTENT_TYPE,LOCATION_ID,OWNER_ID) VALUES (112,'Velit Egestas Consulting','a neque. Nullam ut nisi a','','',359,38);
INSERT INTO "HOLDING" (ID,NAME,DESCRIPTION,IMAGE,IMAGE_CONTENT_TYPE,LOCATION_ID,OWNER_ID) VALUES (115,'Fermentum Industries','et, euismod et, commodo at, libero. Morbi accumsan laoreet ipsum.','','',359,28);
INSERT INTO "HOLDING" (ID,NAME,DESCRIPTION,IMAGE,IMAGE_CONTENT_TYPE,LOCATION_ID,OWNER_ID) VALUES (117,'Nunc Risus Ltd','odio','','',346,40);
INSERT INTO "HOLDING" (ID,NAME,DESCRIPTION,IMAGE,IMAGE_CONTENT_TYPE,LOCATION_ID,OWNER_ID) VALUES (118,'Ut Institute','a purus. Duis elementum, dui quis accumsan convallis, ante lectus convallis','','',357,40);
INSERT INTO "HOLDING" (ID,NAME,DESCRIPTION,IMAGE,IMAGE_CONTENT_TYPE,LOCATION_ID,OWNER_ID) VALUES (119,'Maecenas Mi LLC','purus, in molestie tortor nibh sit amet orci. Ut sagittis lobortis mauris. Suspendisse aliquet','','',352,41);
INSERT INTO "HOLDING" (ID,NAME,DESCRIPTION,IMAGE,IMAGE_CONTENT_TYPE,LOCATION_ID,OWNER_ID) VALUES (120,'Nibh Donec Corporation','malesuada augue ut lacus. Nulla tincidunt, neque vitae semper egestas, urna','','',352,39);
INSERT INTO "HOLDING" (ID,NAME,DESCRIPTION,IMAGE,IMAGE_CONTENT_TYPE,LOCATION_ID,OWNER_ID) VALUES (122,'Dis Parturient Montes PC','pellentesque a, facilisis non, bibendum sed, est. Nunc laoreet lectus quis massa. Mauris','','',358,40);
INSERT INTO "HOLDING" (ID,NAME,DESCRIPTION,IMAGE,IMAGE_CONTENT_TYPE,LOCATION_ID,OWNER_ID) VALUES (123,'Arcu Vivamus Sit Corp.','ut, pellentesque eget, dictum placerat, augue. Sed molestie. Sed id risus quis diam','','',352,31);
INSERT INTO "HOLDING" (ID,NAME,DESCRIPTION,IMAGE,IMAGE_CONTENT_TYPE,LOCATION_ID,OWNER_ID) VALUES (126,'Lectus Nullam Suscipit Company','convallis convallis dolor. Quisque tincidunt pede','','',357,2);
INSERT INTO "HOLDING" (ID,NAME,DESCRIPTION,IMAGE,IMAGE_CONTENT_TYPE,LOCATION_ID,OWNER_ID) VALUES (133,'Tincidunt Consulting','amet, faucibus ut, nulla. Cras eu tellus eu augue porttitor interdum.','','',346,24);
INSERT INTO "HOLDING" (ID,NAME,DESCRIPTION,IMAGE,IMAGE_CONTENT_TYPE,LOCATION_ID,OWNER_ID) VALUES (135,'Congue Turpis Foundation','vulputate, nisi sem semper erat, in consectetuer ipsum','','',354,37);

--STOCK TABLE--
INSERT INTO "STOCK" (ID,NAME,DESCRIPTION,QUANTITY_INIT,QUANTITY_REMAINING,PRICE_UNIT,IMAGE,IMAGE_CONTENT_TYPE,ON_SALE_DATE,EXPIRY_DATE,BIO,AVAILABLE,PRODUCT_TYPE_ID,HOLDING_ID,SELLER_ID) VALUES (943,' Céleri branche Antoine','elit, pharetra ut, pharetra sed, hendrerit a, arcu. Sed et',15,11,4,'','','2018-11-19 18:29:22.39','2018-11-19 18:29:22.39','TRUE','TRUE',569,112,41);
INSERT INTO "STOCK" (ID,NAME,DESCRIPTION,QUANTITY_INIT,QUANTITY_REMAINING,PRICE_UNIT,IMAGE,IMAGE_CONTENT_TYPE,ON_SALE_DATE,EXPIRY_DATE,BIO,AVAILABLE,PRODUCT_TYPE_ID,HOLDING_ID,SELLER_ID) VALUES (971,'Chou blanc Stephanie','amet, consectetuer adipiscing elit. Curabitur sed tortor. Integer aliquam adipiscing',19,9,4,'','','2018-11-19 18:29:22.39','2018-11-19 18:29:22.39','FALSE','TRUE',572,112,13);
INSERT INTO "STOCK" (ID,NAME,DESCRIPTION,QUANTITY_INIT,QUANTITY_REMAINING,PRICE_UNIT,IMAGE,IMAGE_CONTENT_TYPE,ON_SALE_DATE,EXPIRY_DATE,BIO,AVAILABLE,PRODUCT_TYPE_ID,HOLDING_ID,SELLER_ID) VALUES (692,' Topinambour Stephanie','eu arcu. Morbi sit amet massa. Quisque porttitor eros nec',11,14,7,'','','2018-11-19 18:29:22.39','2018-11-19 18:29:22.39','TRUE','TRUE',586,112,19);
INSERT INTO "STOCK" (ID,NAME,DESCRIPTION,QUANTITY_INIT,QUANTITY_REMAINING,PRICE_UNIT,IMAGE,IMAGE_CONTENT_TYPE,ON_SALE_DATE,EXPIRY_DATE,BIO,AVAILABLE,PRODUCT_TYPE_ID,HOLDING_ID,SELLER_ID) VALUES (700,' Ananas Federico','nisl. Nulla eu neque pellentesque massa lobortis ultrices. Vivamus rhoncus.',8,11,9,'','','2018-11-19 18:29:22.39','2018-11-19 18:29:22.39','TRUE','TRUE',598,122,27);
INSERT INTO "STOCK" (ID,NAME,DESCRIPTION,QUANTITY_INIT,QUANTITY_REMAINING,PRICE_UNIT,IMAGE,IMAGE_CONTENT_TYPE,ON_SALE_DATE,EXPIRY_DATE,BIO,AVAILABLE,PRODUCT_TYPE_ID,HOLDING_ID,SELLER_ID) VALUES (695,' Céleri rave Tarik ','convallis convallis dolor. Quisque tincidunt pede ac urna. Ut tincidunt',18,8,3,'','','2018-11-19 18:29:22.39','2018-11-19 18:29:22.39','FALSE','TRUE',595,117,36);
INSERT INTO "STOCK" (ID,NAME,DESCRIPTION,QUANTITY_INIT,QUANTITY_REMAINING,PRICE_UNIT,IMAGE,IMAGE_CONTENT_TYPE,ON_SALE_DATE,EXPIRY_DATE,BIO,AVAILABLE,PRODUCT_TYPE_ID,HOLDING_ID,SELLER_ID) VALUES (989,' Oignon Florian','Lorem ipsum dolor sit amet, consectetuer adipiscing elit. Etiam laoreet,',14,7,10,'','','2018-11-19 18:29:22.39','2018-11-19 18:29:22.39','TRUE','TRUE',593,107,36);
INSERT INTO "STOCK" (ID,NAME,DESCRIPTION,QUANTITY_INIT,QUANTITY_REMAINING,PRICE_UNIT,IMAGE,IMAGE_CONTENT_TYPE,ON_SALE_DATE,EXPIRY_DATE,BIO,AVAILABLE,PRODUCT_TYPE_ID,HOLDING_ID,SELLER_ID) VALUES (853,' Cacao (fèves) Stephanie','neque sed dictum eleifend, nunc risus varius orci, in consequat',5,8,9,'','','2018-11-19 18:29:22.39','2018-11-19 18:29:22.39','TRUE','FALSE',598,123,11);
INSERT INTO "STOCK" (ID,NAME,DESCRIPTION,QUANTITY_INIT,QUANTITY_REMAINING,PRICE_UNIT,IMAGE,IMAGE_CONTENT_TYPE,ON_SALE_DATE,EXPIRY_DATE,BIO,AVAILABLE,PRODUCT_TYPE_ID,HOLDING_ID,SELLER_ID) VALUES (689,'Carotte Florian','orci. Donec nibh. Quisque nonummy ipsum non arcu. Vivamus sit',19,10,15,'','','2018-11-19 18:29:22.39','2018-11-19 18:29:22.39','TRUE','FALSE',580,120,30);
INSERT INTO "STOCK" (ID,NAME,DESCRIPTION,QUANTITY_INIT,QUANTITY_REMAINING,PRICE_UNIT,IMAGE,IMAGE_CONTENT_TYPE,ON_SALE_DATE,EXPIRY_DATE,BIO,AVAILABLE,PRODUCT_TYPE_ID,HOLDING_ID,SELLER_ID) VALUES (736,'Chou blanc Stephanie','urna, nec luctus felis purus ac tellus. Suspendisse sed dolor.',12,9,5,'','','2018-11-19 18:29:22.39','2018-11-19 18:29:22.39','TRUE','FALSE',576,120,41);
INSERT INTO "STOCK" (ID,NAME,DESCRIPTION,QUANTITY_INIT,QUANTITY_REMAINING,PRICE_UNIT,IMAGE,IMAGE_CONTENT_TYPE,ON_SALE_DATE,EXPIRY_DATE,BIO,AVAILABLE,PRODUCT_TYPE_ID,HOLDING_ID,SELLER_ID) VALUES (780,' Banane Antoine','dis parturient montes, nascetur ridiculus mus. Proin vel arcu eu',6,10,5,'','','2018-11-19 18:29:22.39','2018-11-19 18:29:22.39','TRUE','TRUE',581,118,9);
INSERT INTO "STOCK" (ID,NAME,DESCRIPTION,QUANTITY_INIT,QUANTITY_REMAINING,PRICE_UNIT,IMAGE,IMAGE_CONTENT_TYPE,ON_SALE_DATE,EXPIRY_DATE,BIO,AVAILABLE,PRODUCT_TYPE_ID,HOLDING_ID,SELLER_ID) VALUES (838,'Céleri Federico','ut quam vel sapien imperdiet ornare. In faucibus. Morbi vehicula.',16,10,12,'','','2018-11-19 18:29:22.39','2018-11-19 18:29:22.39','FALSE','FALSE',582,126,22);
INSERT INTO "STOCK" (ID,NAME,DESCRIPTION,QUANTITY_INIT,QUANTITY_REMAINING,PRICE_UNIT,IMAGE,IMAGE_CONTENT_TYPE,ON_SALE_DATE,EXPIRY_DATE,BIO,AVAILABLE,PRODUCT_TYPE_ID,HOLDING_ID,SELLER_ID) VALUES (945,' Avocat Tarik','ante bibendum ullamcorper. Duis cursus, diam at pretium aliquet, metus',15,9,10,'','','2018-11-19 18:29:22.39','2018-11-19 18:29:22.39','FALSE','FALSE',575,122,34);
INSERT INTO "STOCK" (ID,NAME,DESCRIPTION,QUANTITY_INIT,QUANTITY_REMAINING,PRICE_UNIT,IMAGE,IMAGE_CONTENT_TYPE,ON_SALE_DATE,EXPIRY_DATE,BIO,AVAILABLE,PRODUCT_TYPE_ID,HOLDING_ID,SELLER_ID) VALUES (877,'Carotte Florian','rutrum urna, nec luctus felis purus ac tellus. Suspendisse sed',7,11,8,'','','2018-11-19 18:29:22.39','2018-11-19 18:29:22.39','FALSE','TRUE',585,135,38);
INSERT INTO "STOCK" (ID,NAME,DESCRIPTION,QUANTITY_INIT,QUANTITY_REMAINING,PRICE_UNIT,IMAGE,IMAGE_CONTENT_TYPE,ON_SALE_DATE,EXPIRY_DATE,BIO,AVAILABLE,PRODUCT_TYPE_ID,HOLDING_ID,SELLER_ID) VALUES (903,'Céleri Federico','Nunc laoreet lectus quis massa. Mauris vestibulum, neque sed dictum',20,10,6,'','','2018-11-19 18:29:22.39','2018-11-19 18:29:22.39','FALSE','FALSE',577,117,19);
INSERT INTO "STOCK" (ID,NAME,DESCRIPTION,QUANTITY_INIT,QUANTITY_REMAINING,PRICE_UNIT,IMAGE,IMAGE_CONTENT_TYPE,ON_SALE_DATE,EXPIRY_DATE,BIO,AVAILABLE,PRODUCT_TYPE_ID,HOLDING_ID,SELLER_ID) VALUES (983,' Céleri rave Tarik ','eget massa. Suspendisse eleifend. Cras sed leo. Cras vehicula aliquet',13,13,12,'','','2018-11-19 18:29:22.39','2018-11-19 18:29:22.39','TRUE','FALSE',569,119,41);
INSERT INTO "STOCK" (ID,NAME,DESCRIPTION,QUANTITY_INIT,QUANTITY_REMAINING,PRICE_UNIT,IMAGE,IMAGE_CONTENT_TYPE,ON_SALE_DATE,EXPIRY_DATE,BIO,AVAILABLE,PRODUCT_TYPE_ID,HOLDING_ID,SELLER_ID) VALUES (767,' Avocat Tarik','nunc. Quisque ornare tortor at risus. Nunc ac sem ut',10,7,6,'','','2018-11-19 18:29:22.39','2018-11-19 18:29:22.39','FALSE','FALSE',573,108,23);
INSERT INTO "STOCK" (ID,NAME,DESCRIPTION,QUANTITY_INIT,QUANTITY_REMAINING,PRICE_UNIT,IMAGE,IMAGE_CONTENT_TYPE,ON_SALE_DATE,EXPIRY_DATE,BIO,AVAILABLE,PRODUCT_TYPE_ID,HOLDING_ID,SELLER_ID) VALUES (715,'Céleri Federico','feugiat placerat velit. Quisque varius. Nam porttitor scelerisque neque. Nullam',5,8,3,'','','2018-11-19 18:29:22.39','2018-11-19 18:29:22.39','FALSE','TRUE',571,122,18);
INSERT INTO "STOCK" (ID,NAME,DESCRIPTION,QUANTITY_INIT,QUANTITY_REMAINING,PRICE_UNIT,IMAGE,IMAGE_CONTENT_TYPE,ON_SALE_DATE,EXPIRY_DATE,BIO,AVAILABLE,PRODUCT_TYPE_ID,HOLDING_ID,SELLER_ID) VALUES (973,' Poireau Tarik','per conubia nostra, per inceptos hymenaeos. Mauris ut quam vel',19,7,3,'','','2018-11-19 18:29:22.39','2018-11-19 18:29:22.39','FALSE','FALSE',587,107,40);
INSERT INTO "STOCK" (ID,NAME,DESCRIPTION,QUANTITY_INIT,QUANTITY_REMAINING,PRICE_UNIT,IMAGE,IMAGE_CONTENT_TYPE,ON_SALE_DATE,EXPIRY_DATE,BIO,AVAILABLE,PRODUCT_TYPE_ID,HOLDING_ID,SELLER_ID) VALUES (849,'Céleri Federico','pede. Suspendisse dui. Fusce diam nunc, ullamcorper eu, euismod ac,',8,13,12,'','','2018-11-19 18:29:22.39','2018-11-19 18:29:22.39','FALSE','TRUE',590,103,12);
INSERT INTO "STOCK" (ID,NAME,DESCRIPTION,QUANTITY_INIT,QUANTITY_REMAINING,PRICE_UNIT,IMAGE,IMAGE_CONTENT_TYPE,ON_SALE_DATE,EXPIRY_DATE,BIO,AVAILABLE,PRODUCT_TYPE_ID,HOLDING_ID,SELLER_ID) VALUES (906,' Céleri rave Tarik ','Vivamus euismod urna. Nullam lobortis quam a felis ullamcorper viverra.',7,9,8,'','','2018-11-19 18:29:22.39','2018-11-19 18:29:22.39','FALSE','TRUE',588,115,19);

--PURCHASE TABLE--
INSERT INTO "PURCHASE" (ID,SALE_DATE,QUANTITY,STOCK_ID,CLIENT_ID) VALUES (362,'2018-11-19 18:29:22.39',3,'973',22);
INSERT INTO "PURCHASE" (ID,SALE_DATE,QUANTITY,STOCK_ID,CLIENT_ID) VALUES (127,'2018-11-19 18:29:22.39',4,'906',28);
INSERT INTO "PURCHASE" (ID,SALE_DATE,QUANTITY,STOCK_ID,CLIENT_ID) VALUES (160,'2018-11-19 18:29:22.39',9,'945',16);
INSERT INTO "PURCHASE" (ID,SALE_DATE,QUANTITY,STOCK_ID,CLIENT_ID) VALUES (232,'2018-11-19 18:29:22.39',3,'715',12);
INSERT INTO "PURCHASE" (ID,SALE_DATE,QUANTITY,STOCK_ID,CLIENT_ID) VALUES (451,'2018-11-19 18:29:22.39',5,'838',11);
INSERT INTO "PURCHASE" (ID,SALE_DATE,QUANTITY,STOCK_ID,CLIENT_ID) VALUES (398,'2018-11-19 18:29:22.39',3,'849',26);
INSERT INTO "PURCHASE" (ID,SALE_DATE,QUANTITY,STOCK_ID,CLIENT_ID) VALUES (249,'2018-11-19 18:29:22.39',7,'973',22);
INSERT INTO "PURCHASE" (ID,SALE_DATE,QUANTITY,STOCK_ID,CLIENT_ID) VALUES (261,'2018-11-19 18:29:22.39',4,'906',36);
INSERT INTO "PURCHASE" (ID,SALE_DATE,QUANTITY,STOCK_ID,CLIENT_ID) VALUES (304,'2018-11-19 18:29:22.39',6,'989',17);
INSERT INTO "PURCHASE" (ID,SALE_DATE,QUANTITY,STOCK_ID,CLIENT_ID) VALUES (423,'2018-11-19 18:29:22.39',8,'983',19);
INSERT INTO "PURCHASE" (ID,SALE_DATE,QUANTITY,STOCK_ID,CLIENT_ID) VALUES (192,'2018-11-19 18:29:22.39',9,'780',38);
INSERT INTO "PURCHASE" (ID,SALE_DATE,QUANTITY,STOCK_ID,CLIENT_ID) VALUES (146,'2018-11-19 18:29:22.39',4,'838',40);
INSERT INTO "PURCHASE" (ID,SALE_DATE,QUANTITY,STOCK_ID,CLIENT_ID) VALUES (238,'2018-11-19 18:29:22.39',10,'877',10);
INSERT INTO "PURCHASE" (ID,SALE_DATE,QUANTITY,STOCK_ID,CLIENT_ID) VALUES (355,'2018-11-19 18:29:22.39',9,'853',16);
INSERT INTO "PURCHASE" (ID,SALE_DATE,QUANTITY,STOCK_ID,CLIENT_ID) VALUES (376,'2018-11-19 18:29:22.39',10,'973',38);
INSERT INTO "PURCHASE" (ID,SALE_DATE,QUANTITY,STOCK_ID,CLIENT_ID) VALUES (166,'2018-11-19 18:29:22.39',9,'715',17);
INSERT INTO "PURCHASE" (ID,SALE_DATE,QUANTITY,STOCK_ID,CLIENT_ID) VALUES (155,'2018-11-19 18:29:22.39',4,'849',31);
INSERT INTO "PURCHASE" (ID,SALE_DATE,QUANTITY,STOCK_ID,CLIENT_ID) VALUES (287,'2018-11-19 18:29:22.39',7,'736',20);
INSERT INTO "PURCHASE" (ID,SALE_DATE,QUANTITY,STOCK_ID,CLIENT_ID) VALUES (245,'2018-11-19 18:29:22.39',7,'838',23);
INSERT INTO "PURCHASE" (ID,SALE_DATE,QUANTITY,STOCK_ID,CLIENT_ID) VALUES (242,'2018-11-19 18:29:22.39',6,'715',24);
INSERT INTO "PURCHASE" (ID,SALE_DATE,QUANTITY,STOCK_ID,CLIENT_ID) VALUES (403,'2018-11-19 18:29:22.39',3,'689',40);
INSERT INTO "PURCHASE" (ID,SALE_DATE,QUANTITY,STOCK_ID,CLIENT_ID) VALUES (387,'2018-11-19 18:29:22.39',3,'989',18);
INSERT INTO "PURCHASE" (ID,SALE_DATE,QUANTITY,STOCK_ID,CLIENT_ID) VALUES (269,'2018-11-19 18:29:22.39',5,'945',22);
INSERT INTO "PURCHASE" (ID,SALE_DATE,QUANTITY,STOCK_ID,CLIENT_ID) VALUES (144,'2018-11-19 18:29:22.39',2,'853',31);
INSERT INTO "PURCHASE" (ID,SALE_DATE,QUANTITY,STOCK_ID,CLIENT_ID) VALUES (290,'2018-11-19 18:29:22.39',3,'945',33);
INSERT INTO "PURCHASE" (ID,SALE_DATE,QUANTITY,STOCK_ID,CLIENT_ID) VALUES (230,'2018-11-19 18:29:22.39',6,'767',7);
INSERT INTO "PURCHASE" (ID,SALE_DATE,QUANTITY,STOCK_ID,CLIENT_ID) VALUES (136,'2018-11-19 18:29:22.39',9,'849',19);
INSERT INTO "PURCHASE" (ID,SALE_DATE,QUANTITY,STOCK_ID,CLIENT_ID) VALUES (223,'2018-11-19 18:29:22.39',9,'838',40);
INSERT INTO "PURCHASE" (ID,SALE_DATE,QUANTITY,STOCK_ID,CLIENT_ID) VALUES (173,'2018-11-19 18:29:22.39',3,'853',34);
INSERT INTO "PURCHASE" (ID,SALE_DATE,QUANTITY,STOCK_ID,CLIENT_ID) VALUES (221,'2018-11-19 18:29:22.39',7,'767',28);
INSERT INTO "PURCHASE" (ID,SALE_DATE,QUANTITY,STOCK_ID,CLIENT_ID) VALUES (346,'2018-11-19 18:29:22.39',6,'838',39);
INSERT INTO "PURCHASE" (ID,SALE_DATE,QUANTITY,STOCK_ID,CLIENT_ID) VALUES (378,'2018-11-19 18:29:22.39',10,'695',28);
INSERT INTO "PURCHASE" (ID,SALE_DATE,QUANTITY,STOCK_ID,CLIENT_ID) VALUES (265,'2018-11-19 18:29:22.39',8,'903',18);
INSERT INTO "PURCHASE" (ID,SALE_DATE,QUANTITY,STOCK_ID,CLIENT_ID) VALUES (175,'2018-11-19 18:29:22.39',10,'903',10);
INSERT INTO "PURCHASE" (ID,SALE_DATE,QUANTITY,STOCK_ID,CLIENT_ID) VALUES (178,'2018-11-19 18:29:22.39',6,'853',38);
INSERT INTO "PURCHASE" (ID,SALE_DATE,QUANTITY,STOCK_ID,CLIENT_ID) VALUES (379,'2018-11-19 18:29:22.39',3,'838',20);
INSERT INTO "PURCHASE" (ID,SALE_DATE,QUANTITY,STOCK_ID,CLIENT_ID) VALUES (213,'2018-11-19 18:29:22.39',9,'983',28);